id,domain,title,source,source_rank,source_id,source_item_url,artist,selection_group,metadata_year,popularity,length_group
songs_fake_love,songs,FAKE LOVE,ListenBrainz all-time recordings / MusicBrainz,24,27e95178-49ac-47a1-8b4c-540c77982680,https://musicbrainz.org/recording/27e95178-49ac-47a1-8b4c-540c77982680,BTS,0d79fe8e-ba27-4859-bb8c-2f255f346853,2018,289884,medium
songs_run,songs,RUN,ListenBrainz all-time recordings / MusicBrainz,26,22d90ef6-04dc-4ab6-9fd5-5ee8fa52e102,https://musicbrainz.org/recording/22d90ef6-04dc-4ab6-9fd5-5ee8fa52e102,BTS,0d79fe8e-ba27-4859-bb8c-2f255f346853,2015,277252,short
songs_dna,songs,DNA,ListenBrainz all-time recordings / MusicBrainz,27,4e7bfe28-623f-4123-b688-e55ef346b8fe,https://musicbrainz.org/recording/4e7bfe28-623f-4123-b688-e55ef346b8fe,BTS,0d79fe8e-ba27-4859-bb8c-2f255f346853,2017,269287,short
songs_boy_with_luv,songs,Boy With Luv,ListenBrainz all-time recordings / MusicBrainz,32,96cbf133-1bb1-44b6-99c9-25feee685e1f,https://musicbrainz.org/recording/96cbf133-1bb1-44b6-99c9-25feee685e1f,BTS,0d79fe8e-ba27-4859-bb8c-2f255f346853,2014,251486,medium
songs_in_the_end,songs,In the End,ListenBrainz all-time recordings / MusicBrainz,33,9d70086c-5d7a-4e7f-b1ed-c53c4b11310f,https://musicbrainz.org/recording/9d70086c-5d7a-4e7f-b1ed-c53c4b11310f,Linkin Park,f59c5520-5f46-4d2c-b2c4-822eabf53419,2000,243097,medium
songs_mr_brightside,songs,Mr. Brightside,ListenBrainz all-time recordings / MusicBrainz,34,560062d0-e122-46be-9d89-0f3b44077fdf,https://musicbrainz.org/recording/560062d0-e122-46be-9d89-0f3b44077fdf,The Killers,95e1ead9-4d31-4808-a7ac-32c3614c116b,2004,242441,medium
songs_creep,songs,Creep,ListenBrainz all-time recordings / MusicBrainz,36,70595637-9310-45f2-a266-58f8de4874a7,https://musicbrainz.org/recording/70595637-9310-45f2-a266-58f8de4874a7,Radiohead,a74b1b7f-71a5-4011-9441-d0b5e4122711,1993,236488,short
songs_smells_like_teen_spirit,songs,Smells Like Teen Spirit,ListenBrainz all-time recordings / MusicBrainz,38,5fb524f1-8cc8-4c04-a921-e34c0a911ea7,https://musicbrainz.org/recording/5fb524f1-8cc8-4c04-a921-e34c0a911ea7,Nirvana,5b11f4ce-a62d-471e-81fc-a69a8278c7da,1991,235769,long
songs_chop_suey,songs,Chop Suey!,ListenBrainz all-time recordings / MusicBrainz,39,46c7368a-013a-47b6-97cc-e55e7ab25213,https://musicbrainz.org/recording/46c7368a-013a-47b6-97cc-e55e7ab25213,System of a Down,cc0b7089-c08d-4c10-b6b0-873582c17fd6,2001,235675,medium
songs_idol,songs,IDOL,ListenBrainz all-time recordings / MusicBrainz,42,057fb67c-9aa9-405d-9bc0-0d14cf9ca3e0,https://musicbrainz.org/recording/057fb67c-9aa9-405d-9bc0-0d14cf9ca3e0,BTS,0d79fe8e-ba27-4859-bb8c-2f255f346853,2018,225455,short
songs_numb,songs,Numb,ListenBrainz all-time recordings / MusicBrainz,44,352dd518-23cd-4c5a-9551-ba02097b177b,https://musicbrainz.org/recording/352dd518-23cd-4c5a-9551-ba02097b177b,Linkin Park,f59c5520-5f46-4d2c-b2c4-822eabf53419,2003,220899,short
songs_the_less_i_know_the_better,songs,The Less I Know the Better,ListenBrainz all-time recordings / MusicBrainz,46,78be434c-0908-458f-9693-f16cdebb68ef,https://musicbrainz.org/recording/78be434c-0908-458f-9693-f16cdebb68ef,Tame Impala,63aa26c3-d59b-4da4-84ac-716b54f1ef4d,2015,217420,long
songs_karma_police,songs,Karma Police,ListenBrainz all-time recordings / MusicBrainz,52,9e2ad5bc-c6f9-40d2-a36f-3122ee2072a3,https://musicbrainz.org/recording/9e2ad5bc-c6f9-40d2-a36f-3122ee2072a3,Radiohead,a74b1b7f-71a5-4011-9441-d0b5e4122711,1997,209593,medium
songs_airplane_pt_2,songs,Airplane pt.2,ListenBrainz all-time recordings / MusicBrainz,54,f4e93f39-0bd1-4107-86a2-c1ac2bd36e85,https://musicbrainz.org/recording/f4e93f39-0bd1-4107-86a2-c1ac2bd36e85,BTS,0d79fe8e-ba27-4859-bb8c-2f255f346853,2018,206783,medium
songs_no_surprises,songs,No Surprises,ListenBrainz all-time recordings / MusicBrainz,59,980a426e-623e-4ea5-98c7-008d037a0508,https://musicbrainz.org/recording/980a426e-623e-4ea5-98c7-008d037a0508,Radiohead,a74b1b7f-71a5-4011-9441-d0b5e4122711,1997,203762,medium
songs_feel_good_inc,songs,Feel Good Inc.,ListenBrainz all-time recordings / MusicBrainz,60,6544ac1d-0108-40ee-aa7a-b644ef7a3b46,https://musicbrainz.org/recording/6544ac1d-0108-40ee-aa7a-b644ef7a3b46,Gorillaz,e21857d5-3256-4547-afb3-4b6ded592596,2005,203636,medium
songs_seven_nation_army,songs,Seven Nation Army,ListenBrainz all-time recordings / MusicBrainz,62,24cc8311-98fd-423a-bed1-97728f5eabc5,https://musicbrainz.org/recording/24cc8311-98fd-423a-bed1-97728f5eabc5,The White Stripes,11ae9fbb-f3d7-4a47-936f-4c0a04d3b3b5,2003,200991,medium
songs_mic_drop,songs,Mic Drop,ListenBrainz all-time recordings / MusicBrainz,64,642eae84-6fb4-4738-8490-022b1bebc429,https://musicbrainz.org/recording/642eae84-6fb4-4738-8490-022b1bebc429,BTS,0d79fe8e-ba27-4859-bb8c-2f255f346853,2017,199738,medium
songs_come_as_you_are,songs,Come as You Are,ListenBrainz all-time recordings / MusicBrainz,65,70ac6733-068f-4613-b06b-bea17cfbcc30,https://musicbrainz.org/recording/70ac6733-068f-4613-b06b-bea17cfbcc30,Nirvana,5b11f4ce-a62d-471e-81fc-a69a8278c7da,1991,199210,long
songs_do_i_wanna_know,songs,Do I Wanna Know?,ListenBrainz all-time recordings / MusicBrainz,66,f1e57531-e0df-4b3e-938f-1ae30c5b1a11,https://musicbrainz.org/recording/f1e57531-e0df-4b3e-938f-1ae30c5b1a11,Arctic Monkeys,ada7a83c-e3e1-40f1-93f9-3e73dbc9298a,2013,198971,long
songs_bohemian_rhapsody,songs,Bohemian Rhapsody,ListenBrainz all-time recordings / MusicBrainz,69,b1a9c0e9-d987-4042-ae91-78d6a3267d69,https://musicbrainz.org/recording/b1a9c0e9-d987-4042-ae91-78d6a3267d69,Queen,0383dadf-2a4e-4d10-a46a-e9e041da8eb3,1986,198042,medium
songs_everlong,songs,Everlong,ListenBrainz all-time recordings / MusicBrainz,70,9160e42b-8fae-402d-9cee-d6826c5cce33,https://musicbrainz.org/recording/9160e42b-8fae-402d-9cee-d6826c5cce33,Foo Fighters,67f66c07-6e61-4026-ade5-7e782fad3a5d,1997,197258,short
songs_running,songs,Running,ListenBrainz all-time recordings / MusicBrainz,80,8ec0ea7a-99c8-44bf-a399-faf0f4e47a2c,https://musicbrainz.org/recording/8ec0ea7a-99c8-44bf-a399-faf0f4e47a2c,Jae Jin,ad48da93-fce0-4701-bbad-043c0166ab0e,2015,183276,short
songs_viva_la_vida,songs,Viva la vida,ListenBrainz all-time recordings / MusicBrainz,82,307ce9da-5690-4e21-ab71-9d12ea106e52,https://musicbrainz.org/recording/307ce9da-5690-4e21-ab71-9d12ea106e52,Coldplay,cc197bad-dc9c-440d-a5b5-d52ba2e14234,2008,181791,medium
songs_toxicity,songs,Toxicity,ListenBrainz all-time recordings / MusicBrainz,90,4e1083c3-b577-48e9-9a56-7bbbcbb1d6e7,https://musicbrainz.org/recording/4e1083c3-b577-48e9-9a56-7bbbcbb1d6e7,System of a Down,cc0b7089-c08d-4c10-b6b0-873582c17fd6,2001,180751,short
songs_take_me_out,songs,Take Me Out,ListenBrainz all-time recordings / MusicBrainz,92,a1818245-54db-4881-86be-7ff3180c3e06,https://musicbrainz.org/recording/a1818245-54db-4881-86be-7ff3180c3e06,Franz Ferdinand,aa7a2827-f74b-473c-bd79-03d065835cf7,2004,177998,medium
songs_wonderwall,songs,Wonderwall,ListenBrainz all-time recordings / MusicBrainz,93,580f4553-e29a-4d19-989c-1b097b76de48,https://musicbrainz.org/recording/580f4553-e29a-4d19-989c-1b097b76de48,Oasis,39ab1aed-75e0-4140-bd47-540276886b60,1995,177591,short
songs_where_is_my_mind,songs,Where Is My Mind?,ListenBrainz all-time recordings / MusicBrainz,94,d201070b-ff15-49ce-877b-f91032617faf,https://musicbrainz.org/recording/d201070b-ff15-49ce-877b-f91032617faf,Pixies,b6b2bb8d-54a9-491f-9607-7b546023b433,1988,176601,long
songs_killing_in_the_name,songs,Killing in the Name,ListenBrainz all-time recordings / MusicBrainz,97,5f64bf87-a18e-4ac0-8a49-dc1d500a8ba5,https://musicbrainz.org/recording/5f64bf87-a18e-4ac0-8a49-dc1d500a8ba5,Rage Against the Machine,3798b104-01cb-484c-a3b0-56adc6399b80,1992,175617,long
songs_paranoid,songs,Paranoid,ListenBrainz all-time recordings / MusicBrainz,101,868e3b55-4e4a-475f-94a8-020a6edc0aa2,https://musicbrainz.org/recording/868e3b55-4e4a-475f-94a8-020a6edc0aa2,Black Sabbath,5182c1d9-c7d2-4dad-afa0-ccfeada921a8,1986,170809,short
songs_pumped_up_kicks,songs,Pumped Up Kicks,ListenBrainz all-time recordings / MusicBrainz,102,55cfb83f-adc1-4730-a71b-90b369fd3f84,https://musicbrainz.org/recording/55cfb83f-adc1-4730-a71b-90b369fd3f84,Foster the People,e0e1a584-dd0a-4bd1-88d1-c4c62895039d,2011,170673,medium
songs_get_lucky,songs,Get Lucky,ListenBrainz all-time recordings / MusicBrainz,103,833f00e1-781f-4edd-90e4-e52712618862,https://musicbrainz.org/recording/833f00e1-781f-4edd-90e4-e52712618862,Daft Punk feat. Pharrell Williams & Nile Rodgers,056e4f3e-d505-4dad-8ec1-d04f521cbb56,2013,170376,medium
songs_paranoid_android,songs,Paranoid Android,ListenBrainz all-time recordings / MusicBrainz,104,9f9cf187-d6f9-437f-9d98-d59cdbd52757,https://musicbrainz.org/recording/9f9cf187-d6f9-437f-9d98-d59cdbd52757,Radiohead,a74b1b7f-71a5-4011-9441-d0b5e4122711,1997,169323,medium
songs_song_2,songs,Song 2,ListenBrainz all-time recordings / MusicBrainz,107,b39b7227-c271-4ab8-912b-cb1fe2fc0e5e,https://musicbrainz.org/recording/b39b7227-c271-4ab8-912b-cb1fe2fc0e5e,Blur,ba853904-ae25-4ebb-89d6-c44cfbd71bd2,1997,166542,medium
songs_take_on_me,songs,Take On Me,ListenBrainz all-time recordings / MusicBrainz,108,12f65dca-de8f-43fe-a65d-f12a02aaadf3,https://musicbrainz.org/recording/12f65dca-de8f-43fe-a65d-f12a02aaadf3,a‐ha,7364dea6-ca9a-48e3-be01-b44ad0d19897,1985,166208,medium
songs_enter_sandman,songs,Enter Sandman,ListenBrainz all-time recordings / MusicBrainz,112,fe4a0608-cf7f-444a-a932-a1b77c766673,https://musicbrainz.org/recording/fe4a0608-cf7f-444a-a932-a1b77c766673,Metallica,65f4f0c5-ef9e-490c-aee3-909e7ae6b2ab,1991,164304,medium
songs_truth_untold,songs,Truth Untold,ListenBrainz all-time recordings / MusicBrainz,115,003a6ca1-2364-46fa-8a17-cd77f5754845,https://musicbrainz.org/recording/003a6ca1-2364-46fa-8a17-cd77f5754845,Odds,9d0ddf82-b7b1-45fc-a287-763df2b5d08a,1995,163831,medium
songs_let_go,songs,Let Go,ListenBrainz all-time recordings / MusicBrainz,116,c530d446-6462-4430-b3a8-5850369a0d2c,https://musicbrainz.org/recording/c530d446-6462-4430-b3a8-5850369a0d2c,BTS,0d79fe8e-ba27-4859-bb8c-2f255f346853,2018,163288,medium
songs_stairway_to_heaven,songs,Stairway to Heaven,ListenBrainz all-time recordings / MusicBrainz,118,ccfdd180-22e1-49b9-bd81-b5fcf2c6474e,https://musicbrainz.org/recording/ccfdd180-22e1-49b9-bd81-b5fcf2c6474e,Led Zeppelin,678d88b2-87b0-403b-b63d-5da7465aecc3,1984,162671,medium
songs_africa,songs,Africa,ListenBrainz all-time recordings / MusicBrainz,119,55dc4892-b5ae-4bd7-9e98-2a0d4dd53cbc,https://musicbrainz.org/recording/55dc4892-b5ae-4bd7-9e98-2a0d4dd53cbc,Toto,aab5c954-cabe-432e-899e-1c4f99757327,1982,162610,short
songs_bring_me_to_life,songs,Bring Me to Life,ListenBrainz all-time recordings / MusicBrainz,120,c24eb26a-04d6-4f09-9449-9bc334f78ede,https://musicbrainz.org/recording/c24eb26a-04d6-4f09-9449-9bc334f78ede,Evanescence,f4a31f0a-51dd-4fa7-986d-3095c40c5ed9,2003,162147,long
songs_harder_better_faster_stronger,songs,"Harder, Better, Faster, Stronger",ListenBrainz all-time recordings / MusicBrainz,121,f1a6a40f-78f5-4918-968d-f64363bae94c,https://musicbrainz.org/recording/f1a6a40f-78f5-4918-968d-f64363bae94c,Daft Punk,056e4f3e-d505-4dad-8ec1-d04f521cbb56,2001,161995,long
songs_everybody_wants_to_rule_the_world,songs,Everybody Wants to Rule the World,ListenBrainz all-time recordings / MusicBrainz,123,e4b347be-ecb2-44ff-aaa8-3d4c517d7ea5,https://musicbrainz.org/recording/e4b347be-ecb2-44ff-aaa8-3d4c517d7ea5,Tears for Fears,7c7f9c94-dee8-4903-892b-6cf44652e2de,1985,161478,long
songs_no_more_dream,songs,No More Dream,ListenBrainz all-time recordings / MusicBrainz,125,6765ab53-c55f-4ca7-8f14-7f612fe3b7dc,https://musicbrainz.org/recording/6765ab53-c55f-4ca7-8f14-7f612fe3b7dc,BTS,0d79fe8e-ba27-4859-bb8c-2f255f346853,2013,159738,medium
songs_sultans_of_swing,songs,Sultans of Swing,ListenBrainz all-time recordings / MusicBrainz,126,66a198cf-9ebc-4045-9737-fffb0cf3b7d4,https://musicbrainz.org/recording/66a198cf-9ebc-4045-9737-fffb0cf3b7d4,Dire Straits,614e3804-7d34-41ba-857f-811bad7c2b7a,1983,159618,medium
songs_midnight_city,songs,Midnight City,ListenBrainz all-time recordings / MusicBrainz,127,e83bc6ba-eff9-412c-8c11-5153672f25e7,https://musicbrainz.org/recording/e83bc6ba-eff9-412c-8c11-5153672f25e7,M83,6d7b7cd4-254b-4c25-83f6-dd20f98ceacd,2011,159405,medium
songs_faint,songs,Faint,ListenBrainz all-time recordings / MusicBrainz,132,54a3c21c-5395-44a2-b90b-b7fab8095c20,https://musicbrainz.org/recording/54a3c21c-5395-44a2-b90b-b7fab8095c20,Linkin Park,f59c5520-5f46-4d2c-b2c4-822eabf53419,2003,158756,short
songs_agust_d,songs,Agust D,ListenBrainz all-time recordings / MusicBrainz,133,fcb9eb32-fae8-441c-b947-1badd019a393,https://musicbrainz.org/recording/fcb9eb32-fae8-441c-b947-1badd019a393,Agust D,f09d2950-e3c6-47b2-b21c-2bad2cd3f616,2015,158701,medium
songs_dreams,songs,Dreams,ListenBrainz all-time recordings / MusicBrainz,136,248cc9d1-97ea-493e-84d4-4c5ec718683b,https://musicbrainz.org/recording/248cc9d1-97ea-493e-84d4-4c5ec718683b,Fleetwood Mac,bd13909f-1c29-4c27-a874-d4aaf27c5b1a,1983,156154,short
songs_stressed_out,songs,Stressed Out,ListenBrainz all-time recordings / MusicBrainz,139,e2b9b868-5aa3-400a-aae2-7c7e9c7d35fd,https://musicbrainz.org/recording/e2b9b868-5aa3-400a-aae2-7c7e9c7d35fd,twenty one pilots,a6c6897a-7415-4f8d-b5a5-3a5e05f3be67,2015,154284,medium
songs_everything_in_its_right_place,songs,Everything in Its Right Place,ListenBrainz all-time recordings / MusicBrainz,140,60bd9d53-01ff-4562-8058-eb44b3940317,https://musicbrainz.org/recording/60bd9d53-01ff-4562-8058-eb44b3940317,Radiohead,a74b1b7f-71a5-4011-9441-d0b5e4122711,2000,153896,long
songs_losing_my_religion,songs,Losing My Religion,ListenBrainz all-time recordings / MusicBrainz,141,d4e0a590-e461-499a-8f62-b595b6c65ada,https://musicbrainz.org/recording/d4e0a590-e461-499a-8f62-b595b6c65ada,R.E.M.,ea4dfa26-f633-4da6-a52a-f49ea4897b58,1991,153391,medium
songs_blue_side_outro,songs,Blue Side (outro),ListenBrainz all-time recordings / MusicBrainz,142,5aefff2f-6e6a-46fa-ae66-e46351257610,https://musicbrainz.org/recording/5aefff2f-6e6a-46fa-ae66-e46351257610,j‐hope,b3977da4-f899-4328-921b-ecc599a5618a,2018,153290,medium
songs_intro_dt_suga,songs,Intro ; Dt sugA,ListenBrainz all-time recordings / MusicBrainz,143,25986edb-cebf-4e19-bc49-131dfd7d1eed,https://musicbrainz.org/recording/25986edb-cebf-4e19-bc49-131dfd7d1eed,Agust D feat. DJ Friz,f09d2950-e3c6-47b2-b21c-2bad2cd3f616,2016,152991,long
songs_californication,songs,Californication,ListenBrainz all-time recordings / MusicBrainz,146,084a24a9-b289-4584-9fb5-1ca0f7500eb3,https://musicbrainz.org/recording/084a24a9-b289-4584-9fb5-1ca0f7500eb3,Red Hot Chili Peppers,8bfac288-ccc5-448d-9573-c33ea2aa5c30,1999,152713,short
songs_radioactive,songs,Radioactive,ListenBrainz all-time recordings / MusicBrainz,147,bd61eda3-eb77-4634-ba66-4a084f7f8455,https://musicbrainz.org/recording/bd61eda3-eb77-4634-ba66-4a084f7f8455,Imagine Dragons,012151a8-0f9a-44c9-997f-ebd68b5389f9,2012,152624,short
songs_kids,songs,Kids,ListenBrainz all-time recordings / MusicBrainz,149,c741a7ef-dd33-4c79-a4d4-8745d9675620,https://musicbrainz.org/recording/c741a7ef-dd33-4c79-a4d4-8745d9675620,MGMT,c485632c-b784-4ee9-8ea1-c5fb365681fc,2008,152162,short
songs_misery_business,songs,Misery Business,ListenBrainz all-time recordings / MusicBrainz,150,26bc1124-b228-401e-8f38-5cea1625d8c2,https://musicbrainz.org/recording/26bc1124-b228-401e-8f38-5cea1625d8c2,Paramore,44cf61b8-5197-448a-b82b-cef6ee89fac5,2007,151857,medium
songs_enjoy_the_silence,songs,Enjoy the Silence,ListenBrainz all-time recordings / MusicBrainz,151,8caee4aa-bc6e-454d-b8ab-16695a398c75,https://musicbrainz.org/recording/8caee4aa-bc6e-454d-b8ab-16695a398c75,Depeche Mode,8538e728-ca0b-4321-b7e5-cff6565dd4c0,1990,151663,medium
songs_one_step_closer,songs,One Step Closer,ListenBrainz all-time recordings / MusicBrainz,152,c6111171-bb92-4401-9053-f165863547f2,https://musicbrainz.org/recording/c6111171-bb92-4401-9053-f165863547f2,Linkin Park,f59c5520-5f46-4d2c-b2c4-822eabf53419,2000,151592,medium
songs_sweater_weather,songs,Sweater Weather,ListenBrainz all-time recordings / MusicBrainz,154,4e9f954e-df92-40d9-b68d-8abcd4eae4da,https://musicbrainz.org/recording/4e9f954e-df92-40d9-b68d-8abcd4eae4da,The Neighbourhood,97b8d224-5660-419c-8dff-4b3bf0c33983,2013,150761,medium
songs_danger,songs,Danger,ListenBrainz all-time recordings / MusicBrainz,157,283bbb04-a6f5-42ca-8dd3-3ef7405e73b8,https://musicbrainz.org/recording/283bbb04-a6f5-42ca-8dd3-3ef7405e73b8,BTS,0d79fe8e-ba27-4859-bb8c-2f255f346853,2014,150267,short
songs_no_one_knows,songs,No One Knows,ListenBrainz all-time recordings / MusicBrainz,158,2a559871-96d4-410d-b8cd-5cd2f2b2459e,https://musicbrainz.org/recording/2a559871-96d4-410d-b8cd-5cd2f2b2459e,Queens of the Stone Age,7dc8f5bd-9d0b-4087-9f73-dc164950bbd8,2002,150265,medium
songs_hotel_california,songs,Hotel California,ListenBrainz all-time recordings / MusicBrainz,159,40bd0203-bc3f-4b15-9ab3-ceeb2ef35d7a,https://musicbrainz.org/recording/40bd0203-bc3f-4b15-9ab3-ceeb2ef35d7a,Eagles,f46bd570-5768-462e-b84c-c7c993bbf47e,1984,150047,medium
songs_euphoria,songs,Euphoria,ListenBrainz all-time recordings / MusicBrainz,162,425ca92f-0db9-4c9a-806c-54ea4cd88613,https://musicbrainz.org/recording/425ca92f-0db9-4c9a-806c-54ea4cd88613,BTS,0d79fe8e-ba27-4859-bb8c-2f255f346853,2018,149580,short
songs_the_chain,songs,The Chain,ListenBrainz all-time recordings / MusicBrainz,163,cd06c484-9319-4376-a104-504871e19756,https://musicbrainz.org/recording/cd06c484-9319-4376-a104-504871e19756,Fleetwood Mac,bd13909f-1c29-4c27-a874-d4aaf27c5b1a,1983,148975,medium
songs_under_the_bridge,songs,Under the Bridge,ListenBrainz all-time recordings / MusicBrainz,164,10d1062a-7275-458f-ad0d-906eeaa22c57,https://musicbrainz.org/recording/10d1062a-7275-458f-ad0d-906eeaa22c57,Red Hot Chili Peppers,8bfac288-ccc5-448d-9573-c33ea2aa5c30,1991,147860,medium
songs_teardrop,songs,Teardrop,ListenBrainz all-time recordings / MusicBrainz,165,f3bba4cd-8018-468b-902e-bc8f029593e5,https://musicbrainz.org/recording/f3bba4cd-8018-468b-902e-bc8f029593e5,Massive Attack,10adbe5e-a2c0-4bf3-8249-2b4cbf6e6ca8,1998,147440,short
songs_time,songs,Time,ListenBrainz all-time recordings / MusicBrainz,166,0e11c0fd-a1da-4b88-a438-7ef55c5809ec,https://musicbrainz.org/recording/0e11c0fd-a1da-4b88-a438-7ef55c5809ec,Pink Floyd,83d91898-7763-47d7-b03b-b92132375c47,1983,147429,short
songs_humble,songs,HUMBLE.,ListenBrainz all-time recordings / MusicBrainz,167,398bf241-7d57-4993-860b-1f9ef496c97f,https://musicbrainz.org/recording/398bf241-7d57-4993-860b-1f9ef496c97f,Kendrick Lamar,381086ea-f511-4aba-bdf9-71c753dc5077,2017,147348,short
songs_wish_you_were_here,songs,Wish You Were Here,ListenBrainz all-time recordings / MusicBrainz,168,feecff58-8ee2-4a7f-ac23-dc8ce7925286,https://musicbrainz.org/recording/feecff58-8ee2-4a7f-ac23-dc8ce7925286,Pink Floyd,83d91898-7763-47d7-b03b-b92132375c47,1983,147290,long
songs_i_need_u_japanese_ver,songs,I NEED U (Japanese ver.),ListenBrainz all-time recordings / MusicBrainz,169,2e148c75-c91a-4b00-ab92-98549aa941dd,https://musicbrainz.org/recording/2e148c75-c91a-4b00-ab92-98549aa941dd,BTS,0d79fe8e-ba27-4859-bb8c-2f255f346853,2016,147048,long
songs_money,songs,Money,ListenBrainz all-time recordings / MusicBrainz,170,7fef22bd-76aa-4803-b56b-93a5d6e70662,https://musicbrainz.org/recording/7fef22bd-76aa-4803-b56b-93a5d6e70662,Pink Floyd,83d91898-7763-47d7-b03b-b92132375c47,1983,146962,short
songs_supermassive_black_hole,songs,Supermassive Black Hole,ListenBrainz all-time recordings / MusicBrainz,171,ff1e3e1a-f6e8-4692-b426-355880383bb6,https://musicbrainz.org/recording/ff1e3e1a-f6e8-4692-b426-355880383bb6,Muse,9c9f1380-2516-4fc9-a3e6-f9f61941d090,2006,146888,medium
songs_basket_case,songs,Basket Case,ListenBrainz all-time recordings / MusicBrainz,172,1c398e28-a63d-4c25-813b-ef9a96aadacb,https://musicbrainz.org/recording/1c398e28-a63d-4c25-813b-ef9a96aadacb,Green Day,084308bd-1654-436f-ba03-df6697104e19,1994,146801,medium
songs_stigma,songs,Stigma,ListenBrainz all-time recordings / MusicBrainz,175,c2ac34ca-87d2-4295-bac5-2497859c416b,https://musicbrainz.org/recording/c2ac34ca-87d2-4295-bac5-2497859c416b,BTS,0d79fe8e-ba27-4859-bb8c-2f255f346853,2016,146263,short
songs_american_idiot,songs,American Idiot,ListenBrainz all-time recordings / MusicBrainz,176,d3bd52f1-3d84-445b-84f5-7899de8f9340,https://musicbrainz.org/recording/d3bd52f1-3d84-445b-84f5-7899de8f9340,Green Day,084308bd-1654-436f-ba03-df6697104e19,2004,145988,medium
songs_on_melancholy_hill,songs,On Melancholy Hill,ListenBrainz all-time recordings / MusicBrainz,177,842fbdae-8839-46e6-8a02-7f500a2b6597,https://musicbrainz.org/recording/842fbdae-8839-46e6-8a02-7f500a2b6597,Gorillaz,e21857d5-3256-4547-afb3-4b6ded592596,2010,145943,medium
songs_cant_stop,songs,Can’t Stop,ListenBrainz all-time recordings / MusicBrainz,180,04ea96b6-f5b7-49a5-98b1-97f4ae55dee7,https://musicbrainz.org/recording/04ea96b6-f5b7-49a5-98b1-97f4ae55dee7,Red Hot Chili Peppers,8bfac288-ccc5-448d-9573-c33ea2aa5c30,2002,145476,medium
songs_welcome_to_the_black_parade,songs,Welcome to the Black Parade,ListenBrainz all-time recordings / MusicBrainz,183,28982738-839e-4c97-89ec-6ad0446c8e56,https://musicbrainz.org/recording/28982738-839e-4c97-89ec-6ad0446c8e56,My Chemical Romance,c07f0676-9143-4217-8a9f-4c26bd636f13,2006,144802,long
songs_comfortably_numb,songs,Comfortably Numb,ListenBrainz all-time recordings / MusicBrainz,184,d3528f95-1a3f-45d2-a569-826740c0adee,https://musicbrainz.org/recording/d3528f95-1a3f-45d2-a569-826740c0adee,Pink Floyd,83d91898-7763-47d7-b03b-b92132375c47,1984,144556,medium
songs_one_more_time,songs,One More Time,ListenBrainz all-time recordings / MusicBrainz,185,60fa767a-d85d-4991-82bc-4294e0b11ae7,https://musicbrainz.org/recording/60fa767a-d85d-4991-82bc-4294e0b11ae7,Daft Punk,056e4f3e-d505-4dad-8ec1-d04f521cbb56,2001,144506,medium
songs_sweet_child_o_mine,songs,Sweet Child o’ Mine,ListenBrainz all-time recordings / MusicBrainz,186,1a8b5f7c-58ed-4757-a8d3-47bf7f77a32f,https://musicbrainz.org/recording/1a8b5f7c-58ed-4757-a8d3-47bf7f77a32f,Guns N’ Roses,eeb1195b-f213-4ce1-b28c-8565211f8e43,1987,143999,long
songs_somebody_told_me,songs,Somebody Told Me,ListenBrainz all-time recordings / MusicBrainz,188,45024040-a343-4141-9bc9-27ef0cc9163d,https://musicbrainz.org/recording/45024040-a343-4141-9bc9-27ef0cc9163d,The Killers,95e1ead9-4d31-4808-a7ac-32c3614c116b,2004,143367,medium
songs_jigsaw_falling_into_place,songs,Jigsaw Falling Into Place,ListenBrainz all-time recordings / MusicBrainz,189,31600df4-e6dd-48ca-9f6b-8804027d8d6e,https://musicbrainz.org/recording/31600df4-e6dd-48ca-9f6b-8804027d8d6e,Radiohead,a74b1b7f-71a5-4011-9441-d0b5e4122711,2007,143118,long
songs_another_one_bites_the_dust,songs,Another One Bites the Dust,ListenBrainz all-time recordings / MusicBrainz,190,6b235773-16bd-4fc5-b57e-c966f9d1db6d,https://musicbrainz.org/recording/6b235773-16bd-4fc5-b57e-c966f9d1db6d,Queen,0383dadf-2a4e-4d10-a46a-e9e041da8eb3,1983,143015,long
songs_505,songs,505,ListenBrainz all-time recordings / MusicBrainz,191,8dee0224-bcf9-4023-a805-9562bafd3450,https://musicbrainz.org/recording/8dee0224-bcf9-4023-a805-9562bafd3450,Arctic Monkeys,ada7a83c-e3e1-40f1-93f9-3e73dbc9298a,2007,142882,short
songs_outro_wings,songs,Outro : Wings,ListenBrainz all-time recordings / MusicBrainz,192,79a7bec6-1f5c-48b9-904f-312975191a3c,https://musicbrainz.org/recording/79a7bec6-1f5c-48b9-904f-312975191a3c,BTS,0d79fe8e-ba27-4859-bb8c-2f255f346853,2017,142715,medium
songs_weird_fishes_arpeggi,songs,Weird Fishes/Arpeggi,ListenBrainz all-time recordings / MusicBrainz,193,f74b48a6-5a60-4b5a-864d-3ecb7e983c31,https://musicbrainz.org/recording/f74b48a6-5a60-4b5a-864d-3ecb7e983c31,Radiohead,a74b1b7f-71a5-4011-9441-d0b5e4122711,2007,142429,medium
songs_billie_jean,songs,Billie Jean,ListenBrainz all-time recordings / MusicBrainz,196,f980fc14-e29b-481d-ad3a-5ed9b4ab6340,https://musicbrainz.org/recording/f980fc14-e29b-481d-ad3a-5ed9b4ab6340,Michael Jackson,f27ec8db-af05-4f36-916e-3d57f91ecf5e,1982,141352,medium
songs_black_hole_sun,songs,Black Hole Sun,ListenBrainz all-time recordings / MusicBrainz,200,14e9b000-b3d8-453f-abb9-26fbdecf3dbc,https://musicbrainz.org/recording/14e9b000-b3d8-453f-abb9-26fbdecf3dbc,Soundgarden,153c9281-268f-4cf3-8938-f5a4593e5df4,1994,140601,medium
songs_whalien_52,songs,Whalien 52,ListenBrainz all-time recordings / MusicBrainz,201,b3bd5de1-ceeb-4901-913b-7292f0e1c535,https://musicbrainz.org/recording/b3bd5de1-ceeb-4901-913b-7292f0e1c535,BTS,0d79fe8e-ba27-4859-bb8c-2f255f346853,2015,140576,medium
songs_pied_piper,songs,Pied Piper,ListenBrainz all-time recordings / MusicBrainz,202,096c01bf-921b-4ca5-897b-ce51cd118e8a,https://musicbrainz.org/recording/096c01bf-921b-4ca5-897b-ce51cd118e8a,BTS,0d79fe8e-ba27-4859-bb8c-2f255f346853,2017,140463,medium
songs_the_middle,songs,The Middle,ListenBrainz all-time recordings / MusicBrainz,205,e3b7cd96-c41d-497a-b401-dc7494f638db,https://musicbrainz.org/recording/e3b7cd96-c41d-497a-b401-dc7494f638db,Jimmy Eat World,bbc5b66b-d037-4f26-aecf-0b129e7f876a,2001,139811,medium
songs_save_me,songs,Save ME,ListenBrainz all-time recordings / MusicBrainz,206,9a33fc66-1d94-4e0e-94a9-6154d87d94cb,https://musicbrainz.org/recording/9a33fc66-1d94-4e0e-94a9-6154d87d94cb,BTS,0d79fe8e-ba27-4859-bb8c-2f255f346853,2016,139079,medium
songs_somewhere_i_belong,songs,Somewhere I Belong,ListenBrainz all-time recordings / MusicBrainz,207,d342506d-8f07-4ed7-a06f-cfebd44be1dc,https://musicbrainz.org/recording/d342506d-8f07-4ed7-a06f-cfebd44be1dc,Linkin Park,f59c5520-5f46-4d2c-b2c4-822eabf53419,2003,139022,medium
songs_heartshaped_box,songs,Heart‐Shaped Box,ListenBrainz all-time recordings / MusicBrainz,208,f16627cc-e681-45e7-b82a-b64a60f48f99,https://musicbrainz.org/recording/f16627cc-e681-45e7-b82a-b64a60f48f99,Nirvana,5b11f4ce-a62d-471e-81fc-a69a8278c7da,1993,138519,medium
songs_let_down,songs,Let Down,ListenBrainz all-time recordings / MusicBrainz,209,47b02a82-c3bf-4647-b894-dd1c8f608e7f,https://musicbrainz.org/recording/47b02a82-c3bf-4647-b894-dd1c8f608e7f,Radiohead,a74b1b7f-71a5-4011-9441-d0b5e4122711,1997,138410,medium
songs_instant_crush,songs,Instant Crush,ListenBrainz all-time recordings / MusicBrainz,210,dbc0da50-4bc6-4230-9e7b-136b5dc2b31a,https://musicbrainz.org/recording/dbc0da50-4bc6-4230-9e7b-136b5dc2b31a,Daft Punk feat. Julian Casablancas,056e4f3e-d505-4dad-8ec1-d04f521cbb56,2013,137616,medium
songs_mama,songs,MAMA,ListenBrainz all-time recordings / MusicBrainz,211,875ff241-cd9c-4a60-9e89-360681540732,https://musicbrainz.org/recording/875ff241-cd9c-4a60-9e89-360681540732,BTS,0d79fe8e-ba27-4859-bb8c-2f255f346853,2016,137598,short
songs_paint_it_black,songs,Paint It Black,ListenBrainz all-time recordings / MusicBrainz,213,c6ddba3b-a1a4-40a5-b686-b040ba536f24,https://musicbrainz.org/recording/c6ddba3b-a1a4-40a5-b686-b040ba536f24,The Rolling Stones,b071f9fa-14b0-4217-8e97-eb41da73f598,1986,137383,medium
songs_anpanman,songs,Anpanman,ListenBrainz all-time recordings / MusicBrainz,214,2a11a3da-5496-4c64-ad92-cf54a222d06e,https://musicbrainz.org/recording/2a11a3da-5496-4c64-ad92-cf54a222d06e,BTS,0d79fe8e-ba27-4859-bb8c-2f255f346853,2018,137188,short
songs_magic_shop,songs,Magic Shop,ListenBrainz all-time recordings / MusicBrainz,216,c56264e4-e1fe-4c35-9d0c-f69cf2e36cd2,https://musicbrainz.org/recording/c56264e4-e1fe-4c35-9d0c-f69cf2e36cd2,BTS,0d79fe8e-ba27-4859-bb8c-2f255f346853,2018,136864,medium
songs_the_pretender,songs,The Pretender,ListenBrainz all-time recordings / MusicBrainz,217,ffb3f2b6-460d-4334-8221-c4912df88972,https://musicbrainz.org/recording/ffb3f2b6-460d-4334-8221-c4912df88972,Foo Fighters,67f66c07-6e61-4026-ade5-7e782fad3a5d,2007,136401,medium
songs_neva,songs,Neva,ListenBrainz all-time recordings / MusicBrainz,220,36c3f804-828e-47d9-a76d-94485305db8d,https://musicbrainz.org/recording/36c3f804-828e-47d9-a76d-94485305db8d,Megan Thee Stallion,ee27b2d8-648c-4a9d-a68c-e55066959975,2018,135954,short
songs_yellow,songs,Yellow,ListenBrainz all-time recordings / MusicBrainz,221,729cf505-94eb-4fbe-bc76-cbae44cff091,https://musicbrainz.org/recording/729cf505-94eb-4fbe-bc76-cbae44cff091,Coldplay,cc197bad-dc9c-440d-a5b5-d52ba2e14234,2000,135515,short
songs_master_of_puppets,songs,Master of Puppets,ListenBrainz all-time recordings / MusicBrainz,223,0151d8a4-50c8-4036-b824-4a4f4b140e8e,https://musicbrainz.org/recording/0151d8a4-50c8-4036-b824-4a4f4b140e8e,Metallica,65f4f0c5-ef9e-490c-aee3-909e7ae6b2ab,1986,135474,medium
songs_what_you_know,songs,What You Know,ListenBrainz all-time recordings / MusicBrainz,225,cadde50b-8c42-4a16-af00-185fcc3827f4,https://musicbrainz.org/recording/cadde50b-8c42-4a16-af00-185fcc3827f4,Two Door Cinema Club,6f1de078-6684-4792-820d-2ffad64c15ed,2010,135356,medium
songs_best_of_me,songs,Best of Me,ListenBrainz all-time recordings / MusicBrainz,226,498d6113-6aa7-4301-9920-a3b6535d3a7b,https://musicbrainz.org/recording/498d6113-6aa7-4301-9920-a3b6535d3a7b,BTS,0d79fe8e-ba27-4859-bb8c-2f255f346853,2017,135324,medium
songs_lithium,songs,Lithium,ListenBrainz all-time recordings / MusicBrainz,227,3fac712c-4196-4865-8c1a-94231a7da309,https://musicbrainz.org/recording/3fac712c-4196-4865-8c1a-94231a7da309,Nirvana,5b11f4ce-a62d-471e-81fc-a69a8278c7da,1991,135317,short
songs_papercut,songs,Papercut,ListenBrainz all-time recordings / MusicBrainz,228,9aa621e1-46f2-4c91-8111-741583985612,https://musicbrainz.org/recording/9aa621e1-46f2-4c91-8111-741583985612,Linkin Park,f59c5520-5f46-4d2c-b2c4-822eabf53419,2000,135316,short
songs_there_is_a_light_that_never_goes_out,songs,There Is a Light That Never Goes Out,ListenBrainz all-time recordings / MusicBrainz,230,f87a0c54-60ef-4db1-9628-96677504692d,https://musicbrainz.org/recording/f87a0c54-60ef-4db1-9628-96677504692d,The Smiths,40f5d9e4-2de7-4f2d-ad41-e31a9a9fea27,1986,135040,long
songs_exit_music_for_a_film,songs,Exit Music (for a Film),ListenBrainz all-time recordings / MusicBrainz,232,23c3c36b-9449-4484-9040-6ef2125999aa,https://musicbrainz.org/recording/23c3c36b-9449-4484-9040-6ef2125999aa,Radiohead,a74b1b7f-71a5-4011-9441-d0b5e4122711,1997,134106,long
songs_take_me_to_church,songs,Take Me to Church,ListenBrainz all-time recordings / MusicBrainz,233,8a4569f5-263c-467a-8d1f-9896f82b840a,https://musicbrainz.org/recording/8a4569f5-263c-467a-8d1f-9896f82b840a,Hozier,b4691384-50c3-4afd-9988-51d3ec5db65d,2014,134084,long
songs_love_maze,songs,Love Maze,ListenBrainz all-time recordings / MusicBrainz,235,9fb18a93-3753-4db7-b2b4-fe8a6ee693ce,https://musicbrainz.org/recording/9fb18a93-3753-4db7-b2b4-fe8a6ee693ce,BTS,0d79fe8e-ba27-4859-bb8c-2f255f346853,2018,133808,medium
songs_love_will_tear_us_apart,songs,Love Will Tear Us Apart,ListenBrainz all-time recordings / MusicBrainz,236,41746834-4a27-42f5-b651-61ef0ca59549,https://musicbrainz.org/recording/41746834-4a27-42f5-b651-61ef0ca59549,Joy Division,9a58fda3-f4ed-4080-a3a5-f457aac9fcdd,2007,133097,long
songs_the_kids_arent_alright,songs,The Kids Aren’t Alright,ListenBrainz all-time recordings / MusicBrainz,239,0b6cea69-0935-415b-8d9c-981b3baef82d,https://musicbrainz.org/recording/0b6cea69-0935-415b-8d9c-981b3baef82d,The Offspring,23a03e33-a603-404e-bcbf-2c00159d7067,1998,132942,long
songs_dont_stop_believin,songs,Don’t Stop Believin’,ListenBrainz all-time recordings / MusicBrainz,240,93036a0a-0513-4d27-b384-4a5d9b674a37,https://musicbrainz.org/recording/93036a0a-0513-4d27-b384-4a5d9b674a37,Journey,abd506e1-6f2b-4d6f-b937-92c267f6f88b,1982,132788,medium
songs_what_ive_done,songs,What I’ve Done,ListenBrainz all-time recordings / MusicBrainz,242,50347f42-2a40-4df6-b358-07f994af7a3f,https://musicbrainz.org/recording/50347f42-2a40-4df6-b358-07f994af7a3f,Linkin Park,f59c5520-5f46-4d2c-b2c4-822eabf53419,2007,132711,medium
songs_electric_feel,songs,Electric Feel,ListenBrainz all-time recordings / MusicBrainz,246,987a88ef-6f47-479c-a0ad-1a17aa85e8ed,https://musicbrainz.org/recording/987a88ef-6f47-479c-a0ad-1a17aa85e8ed,MGMT,c485632c-b784-4ee9-8ea1-c5fb365681fc,2008,131383,medium
songs_youre_gonna_go_far_kid,songs,"You’re Gonna Go Far, Kid",ListenBrainz all-time recordings / MusicBrainz,247,d37776ac-993f-4ca5-9592-7c0bb708798a,https://musicbrainz.org/recording/d37776ac-993f-4ca5-9592-7c0bb708798a,The Offspring,23a03e33-a603-404e-bcbf-2c00159d7067,2008,131092,long
songs_summertime_sadness,songs,Summertime Sadness,ListenBrainz all-time recordings / MusicBrainz,249,8c712e50-1822-4caf-9eb1-6d9cf6f8556f,https://musicbrainz.org/recording/8c712e50-1822-4caf-9eb1-6d9cf6f8556f,Lana Del Rey,b7539c32-53e7-4908-bda3-81449c367da6,2012,130561,medium
songs_zombie,songs,Zombie,ListenBrainz all-time recordings / MusicBrainz,250,3bbeb4e3-ab6d-460d-bfc5-de49e4251061,https://musicbrainz.org/recording/3bbeb4e3-ab6d-460d-bfc5-de49e4251061,The Cranberries,c98d40fd-f6cf-4b26-883e-eaa515ee2851,1994,130402,short
songs_here_comes_the_sun,songs,Here Comes the Sun,ListenBrainz all-time recordings / MusicBrainz,251,440f60e8-0b25-4ec4-abb1-c6beec624ab0,https://musicbrainz.org/recording/440f60e8-0b25-4ec4-abb1-c6beec624ab0,The Beatles,b10bbbfc-cf9e-42e0-be17-e2c3e1d2600d,1983,130223,long
songs_september,songs,September,ListenBrainz all-time recordings / MusicBrainz,252,661d35c3-6ade-4367-af96-6c2898149906,https://musicbrainz.org/recording/661d35c3-6ade-4367-af96-6c2898149906,"Earth, Wind & Fire",535afeda-2538-435d-9dd1-5e10be586774,2013,130147,short
songs_nothing_else_matters,songs,Nothing Else Matters,ListenBrainz all-time recordings / MusicBrainz,254,83ed6eb7-f421-4ddd-83f2-f8be52bdee6e,https://musicbrainz.org/recording/83ed6eb7-f421-4ddd-83f2-f8be52bdee6e,Metallica,65f4f0c5-ef9e-490c-aee3-909e7ae6b2ab,1991,129581,medium
songs_r_u_mine,songs,R U Mine?,ListenBrainz all-time recordings / MusicBrainz,255,c99bc041-5d23-4a8e-a767-7c7847d24896,https://musicbrainz.org/recording/c99bc041-5d23-4a8e-a767-7c7847d24896,Arctic Monkeys,ada7a83c-e3e1-40f1-93f9-3e73dbc9298a,2013,129445,medium
songs_give_it_to_me,songs,give it to me,ListenBrainz all-time recordings / MusicBrainz,258,cb67b61a-d557-42ea-8bed-b02bc5e8aa9c,https://musicbrainz.org/recording/cb67b61a-d557-42ea-8bed-b02bc5e8aa9c,Agust D,f09d2950-e3c6-47b2-b21c-2bad2cd3f616,2015,129402,long
songs_let_it_happen,songs,Let It Happen,ListenBrainz all-time recordings / MusicBrainz,260,b85f7f6d-813a-4ebc-8a1d-5998ab02be9a,https://musicbrainz.org/recording/b85f7f6d-813a-4ebc-8a1d-5998ab02be9a,Tame Impala,63aa26c3-d59b-4da4-84ac-716b54f1ef4d,2015,128852,medium
songs_all_i_need,songs,All I Need,ListenBrainz all-time recordings / MusicBrainz,262,72c6b4d3-71a8-4c70-bf50-da11c0149089,https://musicbrainz.org/recording/72c6b4d3-71a8-4c70-bf50-da11c0149089,Radiohead,a74b1b7f-71a5-4011-9441-d0b5e4122711,2007,128234,medium
songs_duvet,songs,Duvet,ListenBrainz all-time recordings / MusicBrainz,263,f4d36326-da1b-4b43-af19-7113c2adb92d,https://musicbrainz.org/recording/f4d36326-da1b-4b43-af19-7113c2adb92d,bôa,ca1dcba2-792c-4550-abf2-7b45396e81ca,1998,128123,short
songs_reptilia,songs,Reptilia,ListenBrainz all-time recordings / MusicBrainz,264,8f9dec01-c479-4ad4-96b5-0950a97c1a91,https://musicbrainz.org/recording/8f9dec01-c479-4ad4-96b5-0950a97c1a91,The Strokes,f181961b-20f7-459e-89de-920ef03c7ed0,2003,128091,short
songs_crawling,songs,Crawling,ListenBrainz all-time recordings / MusicBrainz,269,f401a492-38ed-4117-a294-2cedc7ab5189,https://musicbrainz.org/recording/f401a492-38ed-4117-a294-2cedc7ab5189,Linkin Park,f59c5520-5f46-4d2c-b2c4-822eabf53419,2000,127186,short
songs_back_in_black,songs,Back in Black,ListenBrainz all-time recordings / MusicBrainz,273,ef71afb6-5e51-41df-999b-9e7c7306063a,https://musicbrainz.org/recording/ef71afb6-5e51-41df-999b-9e7c7306063a,AC/DC,66c662b6-6e2f-4930-8610-912e24c63ed1,1985,125383,medium
songs_scar_tissue,songs,Scar Tissue,ListenBrainz all-time recordings / MusicBrainz,275,eb612418-2d98-49af-9fdf-64362326632b,https://musicbrainz.org/recording/eb612418-2d98-49af-9fdf-64362326632b,Red Hot Chili Peppers,8bfac288-ccc5-448d-9573-c33ea2aa5c30,1999,125252,medium
songs_teenagers,songs,Teenagers,ListenBrainz all-time recordings / MusicBrainz,277,7ff393b8-befa-4211-9dba-09b9656b344e,https://musicbrainz.org/recording/7ff393b8-befa-4211-9dba-09b9656b344e,My Chemical Romance,c07f0676-9143-4217-8a9f-4c26bd636f13,2006,124855,short
songs_breezeblocks,songs,Breezeblocks,ListenBrainz all-time recordings / MusicBrainz,279,4a154661-f61a-4ea0-b88f-fe89ae5d3afc,https://musicbrainz.org/recording/4a154661-f61a-4ea0-b88f-fe89ae5d3afc,alt‐J,fc7bbf00-fbaa-4736-986b-b3ac0266ca9b,2012,124786,short
songs_mr_blue_sky,songs,Mr. Blue Sky,ListenBrainz all-time recordings / MusicBrainz,281,6e33056b-2a34-4ed0-b49c-f7a8ae2c5bcc,https://musicbrainz.org/recording/6e33056b-2a34-4ed0-b49c-f7a8ae2c5bcc,Electric Light Orchestra,0c502791-4ee9-4c5f-9696-0602b721ff3b,1987,124469,medium
songs_whyd_you_only_call_me_when_youre_high,songs,Why’d You Only Call Me When You’re High?,ListenBrainz all-time recordings / MusicBrainz,282,4c986184-424a-44bb-ad23-b6261f3d044f,https://musicbrainz.org/recording/4c986184-424a-44bb-ad23-b6261f3d044f,Arctic Monkeys,ada7a83c-e3e1-40f1-93f9-3e73dbc9298a,2013,124436,long
songs_boulevard_of_broken_dreams,songs,Boulevard of Broken Dreams,ListenBrainz all-time recordings / MusicBrainz,284,0ba72f0d-70ae-4655-94d9-c1069b5abcfb,https://musicbrainz.org/recording/0ba72f0d-70ae-4655-94d9-c1069b5abcfb,Green Day,084308bd-1654-436f-ba03-df6697104e19,2004,123962,long
songs_riptide,songs,Riptide,ListenBrainz all-time recordings / MusicBrainz,286,8c3f4879-5477-47f1-92f3-fe0a54b22786,https://musicbrainz.org/recording/8c3f4879-5477-47f1-92f3-fe0a54b22786,Vance Joy,df36f6db-5987-46ed-9d02-0cf36ed4e060,2014,123430,short
songs_skit,songs,skit,ListenBrainz all-time recordings / MusicBrainz,290,d6c92937-4d39-412a-8278-85004d81f9bd,https://musicbrainz.org/recording/d6c92937-4d39-412a-8278-85004d81f9bd,Agust D,f09d2950-e3c6-47b2-b21c-2bad2cd3f616,2016,122745,short
songs_counting_stars,songs,Counting Stars,ListenBrainz all-time recordings / MusicBrainz,291,d03a0d3b-a3c5-44f4-9af7-34c76ccaedb2,https://musicbrainz.org/recording/d03a0d3b-a3c5-44f4-9af7-34c76ccaedb2,OneRepublic,c33c2065-b1c3-4406-b066-d33a9e2ea71a,2013,122702,medium
songs_bitter_sweet_symphony,songs,Bitter Sweet Symphony,ListenBrainz all-time recordings / MusicBrainz,293,8b6d9029-1990-4660-bd57-24b5bc0fb626,https://musicbrainz.org/recording/8b6d9029-1990-4660-bd57-24b5bc0fb626,The Verve,d4d17620-fd97-4574-92a8-a2cb7e72ce42,1997,122074,medium
songs_breaking_the_habit,songs,Breaking the Habit,ListenBrainz all-time recordings / MusicBrainz,294,c46464b2-ee6e-448c-8d22-871b139a0e38,https://musicbrainz.org/recording/c46464b2-ee6e-448c-8d22-871b139a0e38,Linkin Park,f59c5520-5f46-4d2c-b2c4-822eabf53419,2003,121654,medium
songs_immigrant_song,songs,Immigrant Song,ListenBrainz all-time recordings / MusicBrainz,296,2cfad207-3f55-4aec-8120-86cf66e34d59,https://musicbrainz.org/recording/2cfad207-3f55-4aec-8120-86cf66e34d59,Led Zeppelin,678d88b2-87b0-403b-b63d-5da7465aecc3,1987,121508,medium
songs_hysteria,songs,Hysteria,ListenBrainz all-time recordings / MusicBrainz,299,c102891a-d4dd-442b-83b5-fa57cc6c1026,https://musicbrainz.org/recording/c102891a-d4dd-442b-83b5-fa57cc6c1026,Muse,9c9f1380-2516-4fc9-a3e6-f9f61941d090,2003,121388,short
songs_n_o,songs,N.O,ListenBrainz all-time recordings / MusicBrainz,300,4ca68043-cffc-455a-90ca-3ab2f6ae78e7,https://musicbrainz.org/recording/4ca68043-cffc-455a-90ca-3ab2f6ae78e7,BTS,0d79fe8e-ba27-4859-bb8c-2f255f346853,2013,121372,short
songs_fake_plastic_trees,songs,Fake Plastic Trees,ListenBrainz all-time recordings / MusicBrainz,301,1e73e7a6-7378-46e5-97a7-2c299c656a29,https://musicbrainz.org/recording/1e73e7a6-7378-46e5-97a7-2c299c656a29,Radiohead,a74b1b7f-71a5-4011-9441-d0b5e4122711,1995,121316,medium
songs_intro,songs,Intro,ListenBrainz all-time recordings / MusicBrainz,305,773a1557-a974-4f1e-978e-c240be4c3cb8,https://musicbrainz.org/recording/773a1557-a974-4f1e-978e-c240be4c3cb8,The xx,c5c2ea1c-4bde-4f4d-bd0b-47b200bf99d6,2009,120695,short
songs_otherside,songs,Otherside,ListenBrainz all-time recordings / MusicBrainz,306,7a3e8796-a0b3-4999-b268-4e2d47912e3c,https://musicbrainz.org/recording/7a3e8796-a0b3-4999-b268-4e2d47912e3c,Red Hot Chili Peppers,8bfac288-ccc5-448d-9573-c33ea2aa5c30,1999,120523,short
songs_fluorescent_adolescent,songs,Fluorescent Adolescent,ListenBrainz all-time recordings / MusicBrainz,308,4810b42e-2bb1-4795-874b-85df8fd62ca9,https://musicbrainz.org/recording/4810b42e-2bb1-4795-874b-85df8fd62ca9,Arctic Monkeys,ada7a83c-e3e1-40f1-93f9-3e73dbc9298a,2007,120442,medium
songs_believer,songs,Believer,ListenBrainz all-time recordings / MusicBrainz,309,839a1658-53f7-4b2a-86d9-3e52d929d5a2,https://musicbrainz.org/recording/839a1658-53f7-4b2a-86d9-3e52d929d5a2,Imagine Dragons,012151a8-0f9a-44c9-997f-ebd68b5389f9,2017,119694,short
songs_fortunate_son,songs,Fortunate Son,ListenBrainz all-time recordings / MusicBrainz,310,e5178630-952b-486e-bb67-559c62f1b3db,https://musicbrainz.org/recording/e5178630-952b-486e-bb67-559c62f1b3db,Creedence Clearwater Revival,109958eb-a335-4c5e-907e-597ff4c6af46,1986,119574,medium
songs_awake,songs,Awake,ListenBrainz all-time recordings / MusicBrainz,311,400af1b6-110d-487f-8281-baf876c9e1bc,https://musicbrainz.org/recording/400af1b6-110d-487f-8281-baf876c9e1bc,BTS,0d79fe8e-ba27-4859-bb8c-2f255f346853,2016,119391,short
songs_nude,songs,Nude,ListenBrainz all-time recordings / MusicBrainz,313,f3bea96c-5ebf-4d37-990d-14f1bc281459,https://musicbrainz.org/recording/f3bea96c-5ebf-4d37-990d-14f1bc281459,Radiohead,a74b1b7f-71a5-4011-9441-d0b5e4122711,2007,119264,short
songs_redbone,songs,Redbone,ListenBrainz all-time recordings / MusicBrainz,314,7408f11c-6c4e-41e5-b81b-6a15bf6cb268,https://musicbrainz.org/recording/7408f11c-6c4e-41e5-b81b-6a15bf6cb268,Childish Gambino,7fb57fba-a6ef-44c2-abab-2fa3bdee607e,2016,119124,short
songs_time_to_pretend,songs,Time to Pretend,ListenBrainz all-time recordings / MusicBrainz,317,24436eea-e79f-4592-b7f8-3e9bfe01f483,https://musicbrainz.org/recording/24436eea-e79f-4592-b7f8-3e9bfe01f483,MGMT,c485632c-b784-4ee9-8ea1-c5fb365681fc,2008,118924,medium
songs_uprising,songs,Uprising,ListenBrainz all-time recordings / MusicBrainz,318,0ca789c6-3618-48f1-8ee0-977f70a621d6,https://musicbrainz.org/recording/0ca789c6-3618-48f1-8ee0-977f70a621d6,Muse,9c9f1380-2516-4fc9-a3e6-f9f61941d090,2009,118872,short
songs_the_great_gig_in_the_sky,songs,The Great Gig in the Sky,ListenBrainz all-time recordings / MusicBrainz,320,73b01cea-2dad-4fc2-9e61-02a31477c1b1,https://musicbrainz.org/recording/73b01cea-2dad-4fc2-9e61-02a31477c1b1,Pink Floyd,83d91898-7763-47d7-b03b-b92132375c47,1983,118362,long
songs_dna_898059a0_753,songs,DNA.,ListenBrainz all-time recordings / MusicBrainz,321,898059a0-753c-4943-9604-d3c0e2929d81,https://musicbrainz.org/recording/898059a0-753c-4943-9604-d3c0e2929d81,Kendrick Lamar,381086ea-f511-4aba-bdf9-71c753dc5077,2017,118291,short
songs_high_and_dry,songs,High and Dry,ListenBrainz all-time recordings / MusicBrainz,324,83cf16bc-01db-4766-9e3e-f3c796639cf2,https://musicbrainz.org/recording/83cf16bc-01db-4766-9e3e-f3c796639cf2,Radiohead,a74b1b7f-71a5-4011-9441-d0b5e4122711,1995,117614,medium
songs_b_y_o_b,songs,B.Y.O.B.,ListenBrainz all-time recordings / MusicBrainz,325,81731a05-609e-472c-a2b6-186dcdded5a6,https://musicbrainz.org/recording/81731a05-609e-472c-a2b6-186dcdded5a6,System of a Down,cc0b7089-c08d-4c10-b6b0-873582c17fd6,2005,117493,short
songs_duality,songs,Duality,ListenBrainz all-time recordings / MusicBrainz,326,50052fc5-7a97-479a-8563-299844846ad8,https://musicbrainz.org/recording/50052fc5-7a97-479a-8563-299844846ad8,Slipknot,a466c2a2-6517-42fb-a160-1087c3bafd9f,2004,117436,short
songs_140503_at_dawn,songs,140503 at dawn,ListenBrainz all-time recordings / MusicBrainz,327,366231d3-fee2-4600-a589-bf2976e36462,https://musicbrainz.org/recording/366231d3-fee2-4600-a589-bf2976e36462,Agust D,f09d2950-e3c6-47b2-b21c-2bad2cd3f616,2015,117435,medium
songs_starlight,songs,Starlight,ListenBrainz all-time recordings / MusicBrainz,332,60e94685-0481-4d3d-bd84-11c389d9b2a5,https://musicbrainz.org/recording/60e94685-0481-4d3d-bd84-11c389d9b2a5,Muse,9c9f1380-2516-4fc9-a3e6-f9f61941d090,2006,116420,short
songs_epiphany,songs,Epiphany,ListenBrainz all-time recordings / MusicBrainz,333,adfadeaf-9323-4a16-bed1-43ac42613ec9,https://musicbrainz.org/recording/adfadeaf-9323-4a16-bed1-43ac42613ec9,BTS,0d79fe8e-ba27-4859-bb8c-2f255f346853,2018,116369,short
songs_poker_face,songs,Poker Face,ListenBrainz all-time recordings / MusicBrainz,337,ce3a5a96-e755-4742-9f20-2578600daa4c,https://musicbrainz.org/recording/ce3a5a96-e755-4742-9f20-2578600daa4c,Lady Gaga,650e7db6-b795-4eb5-a702-5ea2fc46c848,2008,115880,medium
songs_dream_on,songs,Dream On,ListenBrainz all-time recordings / MusicBrainz,339,e135871f-0fed-4683-90e3-ebbe435fbe4e,https://musicbrainz.org/recording/e135871f-0fed-4683-90e3-ebbe435fbe4e,Aerosmith,3d2b98e5-556f-4451-a3ff-c50ea18d57cb,1987,115445,medium
songs_alright,songs,Alright,ListenBrainz all-time recordings / MusicBrainz,341,b5e1e12f-8832-4ba4-b772-de15e2db2009,https://musicbrainz.org/recording/b5e1e12f-8832-4ba4-b772-de15e2db2009,Kendrick Lamar,381086ea-f511-4aba-bdf9-71c753dc5077,2015,115304,short
songs_not_today,songs,Not Today,ListenBrainz all-time recordings / MusicBrainz,342,576afe3f-2628-4073-8ef6-2c5e29c12f7c,https://musicbrainz.org/recording/576afe3f-2628-4073-8ef6-2c5e29c12f7c,BTS,0d79fe8e-ba27-4859-bb8c-2f255f346853,2017,115219,medium
songs_see_you_again,songs,See You Again,ListenBrainz all-time recordings / MusicBrainz,343,e232b26b-2100-4269-9f96-3f3f49c57c2d,https://musicbrainz.org/recording/e232b26b-2100-4269-9f96-3f3f49c57c2d,"Tyler, The Creator feat. Kali Uchis",f6beac20-5dfe-4d1f-ae02-0b0a740aafd6,2017,114953,medium
songs_dog_days_are_over,songs,Dog Days Are Over,ListenBrainz all-time recordings / MusicBrainz,344,52587f93-2a1d-45fb-a8ba-97aafa2c1f28,https://musicbrainz.org/recording/52587f93-2a1d-45fb-a8ba-97aafa2c1f28,Florence + the Machine,5fee3020-513b-48c2-b1f7-4681b01db0c6,2009,114908,long
songs_buddy_holly,songs,Buddy Holly,ListenBrainz all-time recordings / MusicBrainz,345,d615590b-1546-441d-9703-b3cf88487cbd,https://musicbrainz.org/recording/d615590b-1546-441d-9703-b3cf88487cbd,Weezer,6fe07aa5-fec0-4eca-a456-f29bff451b04,1994,114883,medium
songs_pink_white,songs,Pink + White,ListenBrainz all-time recordings / MusicBrainz,346,d90934be-302a-4e0d-a1dd-b94df3421f33,https://musicbrainz.org/recording/d90934be-302a-4e0d-a1dd-b94df3421f33,Frank Ocean,e520459c-dff4-491d-a6e4-c97be35e0044,2016,114865,medium
songs_demons,songs,Demons,ListenBrainz all-time recordings / MusicBrainz,348,87dede50-097f-4064-9a9b-bd4851363971,https://musicbrainz.org/recording/87dede50-097f-4064-9a9b-bd4851363971,Imagine Dragons,012151a8-0f9a-44c9-997f-ebd68b5389f9,2012,114541,short
songs_old_town_road,songs,Old Town Road,ListenBrainz all-time recordings / MusicBrainz,350,4d1bb5a1-14ba-438d-b96d-070704f400f5,https://musicbrainz.org/recording/4d1bb5a1-14ba-438d-b96d-070704f400f5,Lil Nas X,0b30341b-b59d-4979-8130-b66c0e475321,2018,114139,medium
songs_highway_to_hell,songs,Highway to Hell,ListenBrainz all-time recordings / MusicBrainz,352,9768b10e-39f5-4371-9c62-e940eedd4a3d,https://musicbrainz.org/recording/9768b10e-39f5-4371-9c62-e940eedd4a3d,AC/DC,66c662b6-6e2f-4930-8610-912e24c63ed1,1985,114062,medium
songs_without_me,songs,Without Me,ListenBrainz all-time recordings / MusicBrainz,353,2d0e1136-a36e-432f-a618-7f75a110bca8,https://musicbrainz.org/recording/2d0e1136-a36e-432f-a618-7f75a110bca8,Eminem,b95ce3ff-3d05-4e87-9e01-c97b66af13d4,2002,113885,medium
songs_hey_ya,songs,Hey Ya!,ListenBrainz all-time recordings / MusicBrainz,354,d1a3d960-7668-4755-a09b-135dc1393845,https://musicbrainz.org/recording/d1a3d960-7668-4755-a09b-135dc1393845,OutKast,73fdb566-a9b1-494c-9f32-51768ec9fd27,2003,113724,medium
songs_welcome_to_the_jungle,songs,Welcome to the Jungle,ListenBrainz all-time recordings / MusicBrainz,358,e753cdd1-6e64-4879-8a40-c46744a897b7,https://musicbrainz.org/recording/e753cdd1-6e64-4879-8a40-c46744a897b7,Guns N’ Roses,eeb1195b-f213-4ce1-b28c-8565211f8e43,1987,113448,long
songs_sex_on_fire,songs,Sex on Fire,ListenBrainz all-time recordings / MusicBrainz,360,051caac1-1f67-4733-80b5-62cb32660daa,https://musicbrainz.org/recording/051caac1-1f67-4733-80b5-62cb32660daa,Kings of Leon,6ffb8ea9-2370-44d8-b678-e9237bbd347b,2008,113304,medium
songs_starboy,songs,Starboy,ListenBrainz all-time recordings / MusicBrainz,362,3da01a8e-3c71-408f-a9c7-0c4d10ad4e7d,https://musicbrainz.org/recording/3da01a8e-3c71-408f-a9c7-0c4d10ad4e7d,The Weeknd featuring Daft Punk,c8b03190-306c-4120-bb0b-6f2ebfc06ea9,2016,113204,short
songs_space_oddity,songs,Space Oddity,ListenBrainz all-time recordings / MusicBrainz,363,84649f3b-6da6-4da6-8e33-a7a990b69516,https://musicbrainz.org/recording/84649f3b-6da6-4da6-8e33-a7a990b69516,David Bowie,5441c29d-3602-4898-b1a1-b77fa23b8e50,1984,113138,medium
songs_interlude_dream_reality,songs,"Interlude ; Dream, Reality",ListenBrainz all-time recordings / MusicBrainz,364,f6470ef7-466d-42b9-8f34-534c7a62915f,https://musicbrainz.org/recording/f6470ef7-466d-42b9-8f34-534c7a62915f,Agust D,f09d2950-e3c6-47b2-b21c-2bad2cd3f616,2015,113065,long
songs_bts_cypher_pt_3_killer,songs,BTS Cypher PT.3 : KILLER,ListenBrainz all-time recordings / MusicBrainz,366,2abaf468-4a14-4cd6-8cef-5a6b5fe21c93,https://musicbrainz.org/recording/2abaf468-4a14-4cd6-8cef-5a6b5fe21c93,BTS feat. Supreme Boi,0d79fe8e-ba27-4859-bb8c-2f255f346853,2014,112686,long
songs_royals,songs,Royals,ListenBrainz all-time recordings / MusicBrainz,367,04cccd2b-bbac-4309-a367-94325fd0ef93,https://musicbrainz.org/recording/04cccd2b-bbac-4309-a367-94325fd0ef93,Lorde,8e494408-8620-4c6a-82c2-c2ca4a1e4f12,2013,112249,short
songs_savior,songs,Savior,ListenBrainz all-time recordings / MusicBrainz,368,eda4b4af-21ef-4494-8657-f68ec116d4ad,https://musicbrainz.org/recording/eda4b4af-21ef-4494-8657-f68ec116d4ad,Rise Against,606bf117-494f-4864-891f-09d63ff6aa4b,2008,112228,short
songs_so_far_away,songs,so far away,ListenBrainz all-time recordings / MusicBrainz,369,bcd94df0-42e9-489d-a2fc-4f1ee02fb0d9,https://musicbrainz.org/recording/bcd94df0-42e9-489d-a2fc-4f1ee02fb0d9,Agust D feat. 수란,f09d2950-e3c6-47b2-b21c-2bad2cd3f616,2016,112079,medium
songs_pompeii,songs,Pompeii,ListenBrainz all-time recordings / MusicBrainz,371,9833ffbd-a387-415f-baab-dedd322529a9,https://musicbrainz.org/recording/9833ffbd-a387-415f-baab-dedd322529a9,Bastille,7808accb-6395-4b25-858c-678bbb73896b,2013,112025,short
songs_money_trees,songs,Money Trees,ListenBrainz all-time recordings / MusicBrainz,373,c294757b-0430-4eb4-ae7a-6abcffb87405,https://musicbrainz.org/recording/c294757b-0430-4eb4-ae7a-6abcffb87405,Kendrick Lamar featuring Jay Rock,381086ea-f511-4aba-bdf9-71c753dc5077,2012,111138,medium
songs_livin_on_a_prayer,songs,Livin’ on a Prayer,ListenBrainz all-time recordings / MusicBrainz,374,c7e5ae79-b20b-46ab-89b4-63612ac3206f,https://musicbrainz.org/recording/c7e5ae79-b20b-46ab-89b4-63612ac3206f,Bon Jovi,5dcdb5eb-cb72-4e6e-9e63-b7bace604965,1986,111061,long
songs_dont_look_back_in_anger,songs,Don’t Look Back in Anger,ListenBrainz all-time recordings / MusicBrainz,377,15b32a80-3965-4061-80c4-894e13d99735,https://musicbrainz.org/recording/15b32a80-3965-4061-80c4-894e13d99735,Oasis,39ab1aed-75e0-4140-bd47-540276886b60,1995,110878,long
songs_knights_of_cydonia,songs,Knights of Cydonia,ListenBrainz all-time recordings / MusicBrainz,379,a28635ae-0520-401c-be53-20f4846f0113,https://musicbrainz.org/recording/a28635ae-0520-401c-be53-20f4846f0113,Muse,9c9f1380-2516-4fc9-a3e6-f9f61941d090,2006,110778,medium
songs_i_bet_you_look_good_on_the_dancefloor,songs,I Bet You Look Good on the Dancefloor,ListenBrainz all-time recordings / MusicBrainz,381,f5e93176-0829-4823-a5be-3333e226824b,https://musicbrainz.org/recording/f5e93176-0829-4823-a5be-3333e226824b,Arctic Monkeys,ada7a83c-e3e1-40f1-93f9-3e73dbc9298a,2006,110698,long
songs_last_nite,songs,Last Nite,ListenBrainz all-time recordings / MusicBrainz,383,c988fa34-8382-43f3-87af-49dc94018c1e,https://musicbrainz.org/recording/c988fa34-8382-43f3-87af-49dc94018c1e,The Strokes,f181961b-20f7-459e-89de-920ef03c7ed0,2001,110301,medium
songs_last_resort,songs,Last Resort,ListenBrainz all-time recordings / MusicBrainz,384,61a64edf-5e6b-4e80-90a6-a651e8621a3d,https://musicbrainz.org/recording/61a64edf-5e6b-4e80-90a6-a651e8621a3d,Papa Roach,c5eb9407-caeb-4303-b383-6929aa94021c,2000,110224,medium
songs_little_talks,songs,Little Talks,ListenBrainz all-time recordings / MusicBrainz,385,8b8316fc-b08d-4d36-819c-0fa34752c6ce,https://musicbrainz.org/recording/8b8316fc-b08d-4d36-819c-0fa34752c6ce,Of Monsters and Men,9e103f85-7af7-41d7-b83b-49ba8f0c5abf,2011,110122,medium
songs_float_on,songs,Float On,ListenBrainz all-time recordings / MusicBrainz,386,2be922c8-1250-47f6-895e-c4da99a93fde,https://musicbrainz.org/recording/2be922c8-1250-47f6-895e-c4da99a93fde,Modest Mouse,a96ac800-bfcb-412a-8a63-0a98df600700,2004,109921,medium
songs_friday_im_in_love,songs,Friday I’m in Love,ListenBrainz all-time recordings / MusicBrainz,387,29bdeca4-fc09-4fc5-a393-6500472f2b84,https://musicbrainz.org/recording/29bdeca4-fc09-4fc5-a393-6500472f2b84,The Cure,69ee3720-a7cb-4402-b48d-a02c366f2bcf,1992,109770,long
songs_say_it_aint_so,songs,Say It Ain’t So,ListenBrainz all-time recordings / MusicBrainz,388,e7ada1d0-0604-4ff2-9361-939ebf5b53af,https://musicbrainz.org/recording/e7ada1d0-0604-4ff2-9361-939ebf5b53af,Weezer,6fe07aa5-fec0-4eca-a456-f29bff451b04,1994,109636,long
songs_this_charming_man,songs,This Charming Man,ListenBrainz all-time recordings / MusicBrainz,389,da0e7052-0c6c-4b1e-b936-b3c0d6ad4f74,https://musicbrainz.org/recording/da0e7052-0c6c-4b1e-b936-b3c0d6ad4f74,The Smiths,40f5d9e4-2de7-4f2d-ad41-e31a9a9fea27,1984,109558,medium
songs_am_i_wrong,songs,Am I Wrong,ListenBrainz all-time recordings / MusicBrainz,390,cdadee16-02ff-41cc-95a3-1fe239755bea,https://musicbrainz.org/recording/cdadee16-02ff-41cc-95a3-1fe239755bea,BTS,0d79fe8e-ba27-4859-bb8c-2f255f346853,2016,109529,medium
songs_slow_dancing_in_the_dark,songs,SLOW DANCING IN THE DARK,ListenBrainz all-time recordings / MusicBrainz,391,642c3516-7866-447f-8e68-3535fd807fc8,https://musicbrainz.org/recording/642c3516-7866-447f-8e68-3535fd807fc8,Joji,8264722b-df00-467a-858e-5c97cda169c9,2018,109527,long
songs_how_to_disappear_completely,songs,How to Disappear Completely,ListenBrainz all-time recordings / MusicBrainz,393,740d324e-4356-4116-812d-17ea76a190ce,https://musicbrainz.org/recording/740d324e-4356-4116-812d-17ea76a190ce,Radiohead,a74b1b7f-71a5-4011-9441-d0b5e4122711,2000,109380,long
songs_aint_no_rest_for_the_wicked,songs,Ain’t No Rest for the Wicked,ListenBrainz all-time recordings / MusicBrainz,395,779c2597-7678-4e4d-8689-c136eec65801,https://musicbrainz.org/recording/779c2597-7678-4e4d-8689-c136eec65801,Cage the Elephant,b41b38d4-ef3e-4f37-8c75-cfe9af999696,2008,108980,long
songs_thunderstruck,songs,Thunderstruck,ListenBrainz all-time recordings / MusicBrainz,397,6d19aaa7-1eb5-4488-a54d-fe07d0621a7f,https://musicbrainz.org/recording/6d19aaa7-1eb5-4488-a54d-fe07d0621a7f,AC/DC,66c662b6-6e2f-4930-8610-912e24c63ed1,1990,108444,short
songs_ride,songs,Ride,ListenBrainz all-time recordings / MusicBrainz,398,e034e9ef-6266-46f7-8fdd-46d3b26e1911,https://musicbrainz.org/recording/e034e9ef-6266-46f7-8fdd-46d3b26e1911,twenty one pilots,a6c6897a-7415-4f8d-b5a5-3a5e05f3be67,2015,108124,short
songs_15_step,songs,15 Step,ListenBrainz all-time recordings / MusicBrainz,400,faea2aa0-80a9-41be-9b1e-3b994f4f76ac,https://musicbrainz.org/recording/faea2aa0-80a9-41be-9b1e-3b994f4f76ac,Radiohead,a74b1b7f-71a5-4011-9441-d0b5e4122711,2007,107863,medium
songs_iris,songs,Iris,ListenBrainz all-time recordings / MusicBrainz,401,cef4d7e6-5f96-40ad-8841-e870a06e36e1,https://musicbrainz.org/recording/cef4d7e6-5f96-40ad-8841-e870a06e36e1,Goo Goo Dolls,e2c00c56-8365-4160-9f40-a64682917633,1998,107671,short
songs_about_a_girl,songs,About a Girl,ListenBrainz all-time recordings / MusicBrainz,402,b2e623ea-378b-4479-bb75-fa202aacbfc9,https://musicbrainz.org/recording/b2e623ea-378b-4479-bb75-fa202aacbfc9,Nirvana,5b11f4ce-a62d-471e-81fc-a69a8278c7da,1989,107570,medium
songs_intro_2_cool_4_skool,songs,Intro : 2 COOL 4 SKOOL,ListenBrainz all-time recordings / MusicBrainz,403,a7aec288-5aa5-472d-83fc-aa5315103b80,https://musicbrainz.org/recording/a7aec288-5aa5-472d-83fc-aa5315103b80,BTS feat. DJ Friz,0d79fe8e-ba27-4859-bb8c-2f255f346853,2013,107403,long
songs_feel_it_still,songs,Feel It Still,ListenBrainz all-time recordings / MusicBrainz,404,6728f2b7-dec1-4098-8c91-362db1d0ff31,https://musicbrainz.org/recording/6728f2b7-dec1-4098-8c91-362db1d0ff31,Portugal. The Man,3599a39e-4e10-4cb5-90d4-c8a015ebc73b,2017,107217,medium
songs_xtal,songs,Xtal,ListenBrainz all-time recordings / MusicBrainz,405,e5e5e3c9-8515-4abf-aebb-7529b4e9aa0b,https://musicbrainz.org/recording/e5e5e3c9-8515-4abf-aebb-7529b4e9aa0b,Aphex Twin,f22942a1-6f70-4f48-866e-238cb2308fbd,1992,107176,short
songs_i_miss_you,songs,I Miss You,ListenBrainz all-time recordings / MusicBrainz,406,a1eed2cc-cafc-4148-8b2d-2b882fd06961,https://musicbrainz.org/recording/a1eed2cc-cafc-4148-8b2d-2b882fd06961,blink‐182,0743b15a-3c32-48c8-ad58-cb325350befa,2003,107121,medium
songs_little_dark_age,songs,Little Dark Age,ListenBrainz all-time recordings / MusicBrainz,407,2ed9e30b-e3e7-46db-976e-550cb17965fe,https://musicbrainz.org/recording/2ed9e30b-e3e7-46db-976e-550cb17965fe,MGMT,c485632c-b784-4ee9-8ea1-c5fb365681fc,2018,106951,medium
songs_stronger,songs,Stronger,ListenBrainz all-time recordings / MusicBrainz,408,8009d470-912b-42fa-8261-b88c488eb935,https://musicbrainz.org/recording/8009d470-912b-42fa-8261-b88c488eb935,Kanye West,164f0d73-1234-4e2c-8743-d77bf2191051,2007,106906,short
songs_outro,songs,Outro,ListenBrainz all-time recordings / MusicBrainz,410,67cc9301-4d1b-4dfb-9ee8-8aff323bdebf,https://musicbrainz.org/recording/67cc9301-4d1b-4dfb-9ee8-8aff323bdebf,TEAR,cf5d0c8e-dbf4-4a88-a70a-cbcd78d00a8f,2007,106747,short
songs_seoul,songs,seoul,ListenBrainz all-time recordings / MusicBrainz,413,f86842b2-8f37-471d-b340-05fb92965ade,https://musicbrainz.org/recording/f86842b2-8f37-471d-b340-05fb92965ade,RM,58f1e354-ecbc-4fd3-aa25-97eb1d9bd8b9,2018,106300,short
songs_reckoner,songs,Reckoner,ListenBrainz all-time recordings / MusicBrainz,414,d9b46ecb-5472-4dcd-8fa4-dd6723189e27,https://musicbrainz.org/recording/d9b46ecb-5472-4dcd-8fa4-dd6723189e27,Radiohead,a74b1b7f-71a5-4011-9441-d0b5e4122711,2007,106045,short
songs_go_with_the_flow,songs,Go With the Flow,ListenBrainz all-time recordings / MusicBrainz,415,585a4874-4225-4cea-9e3f-151c5d5ad26e,https://musicbrainz.org/recording/585a4874-4225-4cea-9e3f-151c5d5ad26e,Queens of the Stone Age,7dc8f5bd-9d0b-4087-9f73-dc164950bbd8,2002,105805,long
songs_paper_planes,songs,Paper Planes,ListenBrainz all-time recordings / MusicBrainz,416,09f03130-4b30-46d8-a2cd-81f8ef9bb97b,https://musicbrainz.org/recording/09f03130-4b30-46d8-a2cd-81f8ef9bb97b,M.I.A.,7cf0ea9d-86b9-4dad-ba9e-2355a64899ea,2007,105552,medium
songs_hurt,songs,Hurt,ListenBrainz all-time recordings / MusicBrainz,417,25d8de5e-3662-4ffd-8dea-511a696ac3e7,https://musicbrainz.org/recording/25d8de5e-3662-4ffd-8dea-511a696ac3e7,Johnny Cash,d43d12a1-2dc9-4257-a2fd-0a3bb1081b86,2002,105449,short
songs_power,songs,Power,ListenBrainz all-time recordings / MusicBrainz,420,f42e84ef-f23e-4b8c-b3a1-8f407be68ea5,https://musicbrainz.org/recording/f42e84ef-f23e-4b8c-b3a1-8f407be68ea5,Kanye West,164f0d73-1234-4e2c-8743-d77bf2191051,2010,105253,short
songs_bleed_it_out,songs,Bleed It Out,ListenBrainz all-time recordings / MusicBrainz,421,5bbf09b5-2bf4-4c19-8228-36dc1f7e2f16,https://musicbrainz.org/recording/5bbf09b5-2bf4-4c19-8228-36dc1f7e2f16,Linkin Park,f59c5520-5f46-4d2c-b2c4-822eabf53419,2007,105250,medium
songs_moonchild,songs,moonchild,ListenBrainz all-time recordings / MusicBrainz,422,e1d686bb-9e8a-41b2-8242-e85022c40b8b,https://musicbrainz.org/recording/e1d686bb-9e8a-41b2-8242-e85022c40b8b,RM,58f1e354-ecbc-4fd3-aa25-97eb1d9bd8b9,2018,105169,short
songs_even_flow,songs,Even Flow,ListenBrainz all-time recordings / MusicBrainz,423,cccf8dde-f822-4981-b534-16e36c62de88,https://musicbrainz.org/recording/cccf8dde-f822-4981-b534-16e36c62de88,Pearl Jam,83b9cbe7-9857-49e2-ab8e-b57b01038103,1991,105107,medium
songs_rolling_in_the_deep,songs,Rolling in the Deep,ListenBrainz all-time recordings / MusicBrainz,424,1a13c710-4b7e-4701-8968-cd61f2e58110,https://musicbrainz.org/recording/1a13c710-4b7e-4701-8968-cd61f2e58110,Adele,cc2c9c3c-b7bc-4b8b-84d8-4fbd8779e493,2011,105059,long
songs_heroes,songs,“Heroes”,ListenBrainz all-time recordings / MusicBrainz,425,722190f8-f718-482f-a8bc-a8d479426a30,https://musicbrainz.org/recording/722190f8-f718-482f-a8bc-a8d479426a30,David Bowie,5441c29d-3602-4898-b1a1-b77fa23b8e50,1984,105057,short
songs_tokyo,songs,tokyo,ListenBrainz all-time recordings / MusicBrainz,426,635092e8-c6a8-4ff7-851f-a5f5f88f1160,https://musicbrainz.org/recording/635092e8-c6a8-4ff7-851f-a5f5f88f1160,RM,58f1e354-ecbc-4fd3-aa25-97eb1d9bd8b9,2018,105023,short
songs_every_breath_you_take,songs,Every Breath You Take,ListenBrainz all-time recordings / MusicBrainz,427,3e19df7a-3f9a-4d42-adbf-31867646f602,https://musicbrainz.org/recording/3e19df7a-3f9a-4d42-adbf-31867646f602,The Police,9e0e2b01-41db-4008-bd8b-988977d6019a,1983,104897,long
songs_space_song,songs,Space Song,ListenBrainz all-time recordings / MusicBrainz,428,5a8f7959-6906-4672-ac64-f994e98976ae,https://musicbrainz.org/recording/5a8f7959-6906-4672-ac64-f994e98976ae,Beach House,d5cc67b8-1cc4-453b-96e8-44487acdebea,2015,104800,medium
songs_lonely_day,songs,Lonely Day,ListenBrainz all-time recordings / MusicBrainz,430,0aff4799-849f-4f83-84f4-22cabbba2378,https://musicbrainz.org/recording/0aff4799-849f-4f83-84f4-22cabbba2378,System of a Down,cc0b7089-c08d-4c10-b6b0-873582c17fd6,2005,104552,medium
songs_lie,songs,Lie,ListenBrainz all-time recordings / MusicBrainz,432,97530e9e-c09c-481b-87b4-3408c5a75094,https://musicbrainz.org/recording/97530e9e-c09c-481b-87b4-3408c5a75094,BTS,0d79fe8e-ba27-4859-bb8c-2f255f346853,2016,104255,short
songs_helena,songs,Helena,ListenBrainz all-time recordings / MusicBrainz,433,c9bc8da1-94ee-4a08-a7cb-ae3000fc721a,https://musicbrainz.org/recording/c9bc8da1-94ee-4a08-a7cb-ae3000fc721a,My Chemical Romance,c07f0676-9143-4217-8a9f-4c26bd636f13,2004,104229,short
songs_heathens,songs,Heathens,ListenBrainz all-time recordings / MusicBrainz,434,3bf798f4-b3fa-4a0b-a7bb-655af72429b2,https://musicbrainz.org/recording/3bf798f4-b3fa-4a0b-a7bb-655af72429b2,twenty one pilots,a6c6897a-7415-4f8d-b5a5-3a5e05f3be67,2016,104102,short
songs_baba_oriley,songs,Baba O’Riley,ListenBrainz all-time recordings / MusicBrainz,435,a6081bc1-2a76-4984-b21f-38bc3dcca3a5,https://musicbrainz.org/recording/a6081bc1-2a76-4984-b21f-38bc3dcca3a5,The Who,9fdaa16b-a6c4-4831-b87c-bc9ca8ce7eaa,1983,103837,medium
songs_silver_spoon,songs,Silver Spoon,ListenBrainz all-time recordings / MusicBrainz,437,10f1aa59-486b-4298-a4d4-86dbd93aad62,https://musicbrainz.org/recording/10f1aa59-486b-4298-a4d4-86dbd93aad62,KISS,e1f1e33e-2e4c-4d43-b91b-7064068d3283,1989,103416,medium
songs_thnks_fr_th_mmrs,songs,Thnks fr th Mmrs,ListenBrainz all-time recordings / MusicBrainz,438,ada26bf1-1a82-4815-9c32-cd7e0efee913,https://musicbrainz.org/recording/ada26bf1-1a82-4815-9c32-cd7e0efee913,Fall Out Boy,516cef4d-0718-4007-9939-f9b38af3f784,2007,103387,long
songs_lonely_boy,songs,Lonely Boy,ListenBrainz all-time recordings / MusicBrainz,439,381f2a3c-a5c5-4273-a2d5-52a7b1f5fee5,https://musicbrainz.org/recording/381f2a3c-a5c5-4273-a2d5-52a7b1f5fee5,The Black Keys,d15721d8-56b4-453d-b506-fc915b14cba2,2011,103085,medium
songs_all_the_small_things,songs,All the Small Things,ListenBrainz all-time recordings / MusicBrainz,440,c174f39c-8f4d-4298-8929-de7a5ba28abe,https://musicbrainz.org/recording/c174f39c-8f4d-4298-8929-de7a5ba28abe,blink‐182,0743b15a-3c32-48c8-ad58-cb325350befa,1999,102957,long
songs_toxic,songs,Toxic,ListenBrainz all-time recordings / MusicBrainz,441,ffb6e773-2d24-420c-90ce-36b6025f31e2,https://musicbrainz.org/recording/ffb6e773-2d24-420c-90ce-36b6025f31e2,Britney Spears,45a663b5-b1cb-4a91-bff6-2bef7bbfdd76,2003,102843,short
songs_in_bloom,songs,In Bloom,ListenBrainz all-time recordings / MusicBrainz,442,593e9317-a327-4a31-b796-416c62dcf49d,https://musicbrainz.org/recording/593e9317-a327-4a31-b796-416c62dcf49d,Nirvana,5b11f4ce-a62d-471e-81fc-a69a8278c7da,1991,102836,medium
songs_the_scientist,songs,The Scientist,ListenBrainz all-time recordings / MusicBrainz,443,a478f801-521b-40e7-8bb4-5faeffb1f3e4,https://musicbrainz.org/recording/a478f801-521b-40e7-8bb4-5faeffb1f3e4,Coldplay,cc197bad-dc9c-440d-a5b5-d52ba2e14234,2002,102802,medium
songs_island_in_the_sun,songs,Island in the Sun,ListenBrainz all-time recordings / MusicBrainz,444,58044028-9a7e-4da6-9ca8-e5322a25d9a2,https://musicbrainz.org/recording/58044028-9a7e-4da6-9ca8-e5322a25d9a2,Weezer,6fe07aa5-fec0-4eca-a456-f29bff451b04,2001,102786,long
songs_should_i_stay_or_should_i_go,songs,Should I Stay or Should I Go,ListenBrainz all-time recordings / MusicBrainz,445,266272ca-3a00-4364-b974-1aef7f1cc76d,https://musicbrainz.org/recording/266272ca-3a00-4364-b974-1aef7f1cc76d,The Clash,8f92558c-2baa-4758-8c38-615519e9deda,1988,102776,long
songs_intro_boy_meets_evil,songs,Intro : Boy Meets Evil,ListenBrainz all-time recordings / MusicBrainz,446,ba776cf3-de55-4a15-9bd2-a6c8c4d09d48,https://musicbrainz.org/recording/ba776cf3-de55-4a15-9bd2-a6c8c4d09d48,BTS,0d79fe8e-ba27-4859-bb8c-2f255f346853,2016,102615,long
songs_du_hast,songs,Du hast,ListenBrainz all-time recordings / MusicBrainz,447,4ed9a62a-2bf5-4744-ba1b-9a23f27e06c7,https://musicbrainz.org/recording/4ed9a62a-2bf5-4744-ba1b-9a23f27e06c7,Rammstein,b2d122f9-eadb-4930-a196-8f221eeb0c66,1997,102480,medium
songs_interlude,songs,Interlude,ListenBrainz all-time recordings / MusicBrainz,449,1332fb43-23fc-4cda-89e9-693a873ce2ff,https://musicbrainz.org/recording/1332fb43-23fc-4cda-89e9-693a873ce2ff,BTS,0d79fe8e-ba27-4859-bb8c-2f255f346853,2013,102348,short
songs_snow_hey_oh,songs,Snow ((Hey Oh)),ListenBrainz all-time recordings / MusicBrainz,450,ea42a36a-ced7-4326-a7d3-c91456b49d0b,https://musicbrainz.org/recording/ea42a36a-ced7-4326-a7d3-c91456b49d0b,Red Hot Chili Peppers,8bfac288-ccc5-448d-9573-c33ea2aa5c30,2006,102287,medium
songs_dance_dance,songs,"Dance, Dance",ListenBrainz all-time recordings / MusicBrainz,451,786e1009-2663-49e0-873d-f0cf06f51a25,https://musicbrainz.org/recording/786e1009-2663-49e0-873d-f0cf06f51a25,Fall Out Boy,516cef4d-0718-4007-9939-f9b38af3f784,2005,102177,medium
songs_im_not_okay_i_promise,songs,I’m Not Okay (I Promise),ListenBrainz all-time recordings / MusicBrainz,452,7f2c0c19-3238-4f12-b66a-caed83dcbe31,https://musicbrainz.org/recording/7f2c0c19-3238-4f12-b66a-caed83dcbe31,My Chemical Romance,c07f0676-9143-4217-8a9f-4c26bd636f13,2004,102065,long
songs_someday,songs,Someday,ListenBrainz all-time recordings / MusicBrainz,453,e8d5c3f6-494f-439a-8f6c-889df2b7a4b8,https://musicbrainz.org/recording/e8d5c3f6-494f-439a-8f6c-889df2b7a4b8,The Strokes,f181961b-20f7-459e-89de-920ef03c7ed0,2001,101986,short
songs_something_about_us,songs,Something About Us,ListenBrainz all-time recordings / MusicBrainz,454,defbfcb2-7a5c-4456-be28-b7e5ccf92cc2,https://musicbrainz.org/recording/defbfcb2-7a5c-4456-be28-b7e5ccf92cc2,Daft Punk,056e4f3e-d505-4dad-8ec1-d04f521cbb56,2001,101906,medium
songs_let_me_know,songs,Let Me Know,ListenBrainz all-time recordings / MusicBrainz,457,c35739f4-c76c-4422-a79c-4c5ab785e15f,https://musicbrainz.org/recording/c35739f4-c76c-4422-a79c-4c5ab785e15f,BTS,0d79fe8e-ba27-4859-bb8c-2f255f346853,2014,101712,medium
songs_bodysnatchers,songs,Bodysnatchers,ListenBrainz all-time recordings / MusicBrainz,458,94a1d84a-66ce-4fc9-88a5-c46263c54d9a,https://musicbrainz.org/recording/94a1d84a-66ce-4fc9-88a5-c46263c54d9a,Radiohead,a74b1b7f-71a5-4011-9441-d0b5e4122711,2007,101401,short
songs_more_than_a_feeling,songs,More Than a Feeling,ListenBrainz all-time recordings / MusicBrainz,459,5698b33c-eada-493e-ba34-636acc149cf8,https://musicbrainz.org/recording/5698b33c-eada-493e-ba34-636acc149cf8,Boston,0d8b0d50-e4cf-4da4-965d-f24c58ec3268,1983,101292,long
songs_for_whom_the_bell_tolls,songs,For Whom the Bell Tolls,ListenBrainz all-time recordings / MusicBrainz,460,771ab043-8821-44f9-b8e0-2733c3126c6d,https://musicbrainz.org/recording/771ab043-8821-44f9-b8e0-2733c3126c6d,Metallica,65f4f0c5-ef9e-490c-aee3-909e7ae6b2ab,1986,101130,long
songs_running_up_that_hill_a_deal_with_god,songs,Running Up That Hill (A Deal With God),ListenBrainz all-time recordings / MusicBrainz,461,6029d549-5858-4936-9156-b90770d2ae92,https://musicbrainz.org/recording/6029d549-5858-4936-9156-b90770d2ae92,Kate Bush,4b585938-f271-45e2-b19a-91c634b5e396,1985,101097,long
songs_under_pressure,songs,Under Pressure,ListenBrainz all-time recordings / MusicBrainz,463,32c7e292-14f1-4080-bddf-ef852e0a4c59,https://musicbrainz.org/recording/32c7e292-14f1-4080-bddf-ef852e0a4c59,Queen & David Bowie,0383dadf-2a4e-4d10-a46a-e9e041da8eb3,1986,100991,medium
songs_king_kunta,songs,King Kunta,ListenBrainz all-time recordings / MusicBrainz,464,2d584d3c-d6ce-40ec-b23a-7b29c687ac07,https://musicbrainz.org/recording/2d584d3c-d6ce-40ec-b23a-7b29c687ac07,Kendrick Lamar,381086ea-f511-4aba-bdf9-71c753dc5077,2015,100840,medium
songs_fix_you,songs,Fix You,ListenBrainz all-time recordings / MusicBrainz,465,20919a48-4ad5-409c-b639-8db7ca9f9e7a,https://musicbrainz.org/recording/20919a48-4ad5-409c-b639-8db7ca9f9e7a,Coldplay,cc197bad-dc9c-440d-a5b5-d52ba2e14234,2005,100822,medium
songs_begin,songs,Begin,ListenBrainz all-time recordings / MusicBrainz,466,864ff9a2-67b7-4a08-a25a-c1f918db8a0d,https://musicbrainz.org/recording/864ff9a2-67b7-4a08-a25a-c1f918db8a0d,BTS,0d79fe8e-ba27-4859-bb8c-2f255f346853,2016,100652,short
songs_airbag,songs,Airbag,ListenBrainz all-time recordings / MusicBrainz,468,4a7fea2e-545b-4c63-bc9a-9943cc3a29d7,https://musicbrainz.org/recording/4a7fea2e-545b-4c63-bc9a-9943cc3a29d7,Radiohead,a74b1b7f-71a5-4011-9441-d0b5e4122711,1997,100533,short
songs_in_the_aeroplane_over_the_sea,songs,In the Aeroplane Over the Sea,ListenBrainz all-time recordings / MusicBrainz,469,92e8f3c9-ec04-42d6-8f2b-c3d7fc4f65c2,https://musicbrainz.org/recording/92e8f3c9-ec04-42d6-8f2b-c3d7fc4f65c2,Neutral Milk Hotel,a506f761-2c22-4b2f-8a94-bd748c2c8f75,1998,100521,long
songs_whats_my_age_again,songs,What’s My Age Again?,ListenBrainz all-time recordings / MusicBrainz,470,caa8595c-fb20-4f8d-b30f-779250e453ad,https://musicbrainz.org/recording/caa8595c-fb20-4f8d-b30f-779250e453ad,blink‐182,0743b15a-3c32-48c8-ad58-cb325350befa,1999,100311,long
songs_paradise_city,songs,Paradise City,ListenBrainz all-time recordings / MusicBrainz,472,b8bcd44d-b698-465f-a3ed-c38ca81418d6,https://musicbrainz.org/recording/b8bcd44d-b698-465f-a3ed-c38ca81418d6,Guns N’ Roses,eeb1195b-f213-4ce1-b28c-8565211f8e43,1987,100174,medium
songs_just_like_heaven,songs,Just Like Heaven,ListenBrainz all-time recordings / MusicBrainz,473,c0c78d3e-19fc-4227-bdbb-153814f05527,https://musicbrainz.org/recording/c0c78d3e-19fc-4227-bdbb-153814f05527,The Cure,69ee3720-a7cb-4402-b48d-a02c366f2bcf,1987,100066,medium
songs_butterfly,songs,Butterfly,ListenBrainz all-time recordings / MusicBrainz,474,57583826-56dc-4d3b-8644-805134861412,https://musicbrainz.org/recording/57583826-56dc-4d3b-8644-805134861412,BTS,0d79fe8e-ba27-4859-bb8c-2f255f346853,2015,99939,short
songs_my_own_summer_shove_it,songs,My Own Summer (Shove It),ListenBrainz all-time recordings / MusicBrainz,476,288296a3-f4a8-44b4-94a9-424daeba362a,https://musicbrainz.org/recording/288296a3-f4a8-44b4-94a9-424daeba362a,Deftones,7527f6c2-d762-4b88-b5e2-9244f1e34c46,1997,99680,long
songs_the_diary_of_jane,songs,The Diary of Jane,ListenBrainz all-time recordings / MusicBrainz,477,30a6feb0-e400-44a6-894d-02eb22d7a45a,https://musicbrainz.org/recording/30a6feb0-e400-44a6-894d-02eb22d7a45a,Breaking Benjamin,854a1807-025b-42a8-ba8c-2a39717f1d25,2006,99675,long
songs_i_hate_everything_about_you,songs,(I Hate) Everything About You,ListenBrainz all-time recordings / MusicBrainz,479,5b8d4f09-68ce-4db1-8dd9-54f191734149,https://musicbrainz.org/recording/5b8d4f09-68ce-4db1-8dd9-54f191734149,Three Days Grace,fabb37f8-eb2a-4cc1-a72a-b56935bbb72d,2003,99548,long
songs_would,songs,Would?,ListenBrainz all-time recordings / MusicBrainz,480,b0b9e9c1-a234-42db-a2b6-d0d576bf525d,https://musicbrainz.org/recording/b0b9e9c1-a234-42db-a2b6-d0d576bf525d,Alice in Chains,4bd95eea-b9f6-4d70-a36c-cfea77431553,1992,99522,short
songs_bts_cypher_4,songs,BTS Cypher 4,ListenBrainz all-time recordings / MusicBrainz,481,8c00ea90-326a-4b6c-a0e2-f657b6ef62e1,https://musicbrainz.org/recording/8c00ea90-326a-4b6c-a0e2-f657b6ef62e1,BTS,0d79fe8e-ba27-4859-bb8c-2f255f346853,2016,99515,medium
songs_the_real_slim_shady,songs,The Real Slim Shady,ListenBrainz all-time recordings / MusicBrainz,482,684ca01c-9775-42fe-9cdb-28fa37c27851,https://musicbrainz.org/recording/684ca01c-9775-42fe-9cdb-28fa37c27851,Eminem,b95ce3ff-3d05-4e87-9e01-c97b66af13d4,2000,99480,long
songs_bad_romance,songs,Bad Romance,ListenBrainz all-time recordings / MusicBrainz,483,d76057c6-c29c-41f7-b83e-751b4269851d,https://musicbrainz.org/recording/d76057c6-c29c-41f7-b83e-751b4269851d,Lady Gaga,650e7db6-b795-4eb5-a702-5ea2fc46c848,2009,99474,medium
songs_safe_and_sound,songs,Safe and Sound,ListenBrainz all-time recordings / MusicBrainz,486,759d5190-97a4-48b8-90d4-c298dab9c72e,https://musicbrainz.org/recording/759d5190-97a4-48b8-90d4-c298dab9c72e,Capital Cities,119a2c67-e6d6-41cf-a58c-c51b75c80daa,2013,99004,medium
songs_walking_on_a_dream,songs,Walking on a Dream,ListenBrainz all-time recordings / MusicBrainz,487,170dfa5d-0235-446d-9f3d-d235c01abc91,https://musicbrainz.org/recording/170dfa5d-0235-446d-9f3d-d235c01abc91,Empire of the Sun,ac7e838c-3d95-47c2-92a9-81767ad7c217,2008,98993,long
songs_dani_california,songs,Dani California,ListenBrainz all-time recordings / MusicBrainz,488,8ebb47f5-d7d5-4c72-ba7d-cd09eb10ef94,https://musicbrainz.org/recording/8ebb47f5-d7d5-4c72-ba7d-cd09eb10ef94,Red Hot Chili Peppers,8bfac288-ccc5-448d-9573-c33ea2aa5c30,2006,98871,medium
songs_hope_world,songs,Hope World,ListenBrainz all-time recordings / MusicBrainz,489,d40fab74-b33c-47c3-9761-f61f156431da,https://musicbrainz.org/recording/d40fab74-b33c-47c3-9761-f61f156431da,j‐hope,b3977da4-f899-4328-921b-ecc599a5618a,2018,98557,medium
songs_when_you_were_young,songs,When You Were Young,ListenBrainz all-time recordings / MusicBrainz,490,b38f9ded-8ac3-409e-82c3-187495e4da47,https://musicbrainz.org/recording/b38f9ded-8ac3-409e-82c3-187495e4da47,The Killers,95e1ead9-4d31-4808-a7ac-32c3614c116b,2006,98499,long
songs_epilogue_young_forever,songs,EPILOGUE : Young Forever,ListenBrainz all-time recordings / MusicBrainz,491,284a2792-e69f-45cd-b0b3-39e250edb469,https://musicbrainz.org/recording/284a2792-e69f-45cd-b0b3-39e250edb469,BTS,0d79fe8e-ba27-4859-bb8c-2f255f346853,2016,98388,long
songs_blank_space,songs,Blank Space,ListenBrainz all-time recordings / MusicBrainz,492,c3fe7791-0a91-4f0a-a89b-b056f38d3cde,https://musicbrainz.org/recording/c3fe7791-0a91-4f0a-a89b-b056f38d3cde,Taylor Swift,20244d07-534f-4eff-b4d4-930878889970,2014,98317,medium
songs_shape_of_you,songs,Shape of You,ListenBrainz all-time recordings / MusicBrainz,493,d7500dd6-b815-4299-88c6-3fbda358f1fc,https://musicbrainz.org/recording/d7500dd6-b815-4299-88c6-3fbda358f1fc,Ed Sheeran,b8a7c51f-362c-4dcb-a259-bc6e0095f0a6,2017,98198,medium
songs_killer_queen,songs,Killer Queen,ListenBrainz all-time recordings / MusicBrainz,494,7b3d96c9-3e22-4337-be32-f8a26b816685,https://musicbrainz.org/recording/7b3d96c9-3e22-4337-be32-f8a26b816685,Queen,0383dadf-2a4e-4d10-a46a-e9e041da8eb3,1986,98134,medium
songs_kryptonite,songs,Kryptonite,ListenBrainz all-time recordings / MusicBrainz,495,9c2cf3ee-ea81-4192-b626-12791c70fff5,https://musicbrainz.org/recording/9c2cf3ee-ea81-4192-b626-12791c70fff5,3 Doors Down,2386cd66-e923-4e8e-bf14-2eebe2e9b973,2000,98119,short
songs_dancing_queen,songs,Dancing Queen,ListenBrainz all-time recordings / MusicBrainz,496,a502f559-f70c-4e0d-a5e5-e0cc319d0bd7,https://musicbrainz.org/recording/a502f559-f70c-4e0d-a5e5-e0cc319d0bd7,ABBA,d87e52c5-bb8d-4da8-b941-9f4928627dc8,1984,98079,medium
songs_the_last,songs,The Last,ListenBrainz all-time recordings / MusicBrainz,497,fd13596a-2782-4e3c-8e00-67d7eda91166,https://musicbrainz.org/recording/fd13596a-2782-4e3c-8e00-67d7eda91166,Agust D,f09d2950-e3c6-47b2-b21c-2bad2cd3f616,2015,97830,medium
songs_beat_it,songs,Beat It,ListenBrainz all-time recordings / MusicBrainz,498,de798de6-70fc-49f6-b580-339cd2e62052,https://musicbrainz.org/recording/de798de6-70fc-49f6-b580-339cd2e62052,Michael Jackson,f27ec8db-af05-4f36-916e-3d57f91ecf5e,1982,97756,medium
songs_call_me_maybe,songs,Call Me Maybe,ListenBrainz all-time recordings / MusicBrainz,499,cac5b2b9-5fda-4856-b71a-31c94bb5da9d,https://musicbrainz.org/recording/cac5b2b9-5fda-4856-b71a-31c94bb5da9d,Carly Rae Jepsen,09887aa7-226e-4ecc-9a0c-02d2ae5777e1,2012,97608,medium
songs_aerials,songs,Aerials,ListenBrainz all-time recordings / MusicBrainz,500,9adfcfc0-4c5b-4bae-9f8b-e9c877e95b01,https://musicbrainz.org/recording/9adfcfc0-4c5b-4bae-9f8b-e9c877e95b01,System of a Down,cc0b7089-c08d-4c10-b6b0-873582c17fd6,2001,97479,short
songs_brain_damage,songs,Brain Damage,ListenBrainz all-time recordings / MusicBrainz,501,71c0e054-b700-4fd2-a35b-95c7afc566cb,https://musicbrainz.org/recording/71c0e054-b700-4fd2-a35b-95c7afc566cb,Pink Floyd,83d91898-7763-47d7-b03b-b92132375c47,1983,97464,medium
songs_idioteque,songs,Idioteque,ListenBrainz all-time recordings / MusicBrainz,502,1c0377bb-c00b-4bbe-b4b2-615f13324adc,https://musicbrainz.org/recording/1c0377bb-c00b-4bbe-b4b2-615f13324adc,Radiohead,a74b1b7f-71a5-4011-9441-d0b5e4122711,2000,97440,short
songs_digital_love,songs,Digital Love,ListenBrainz all-time recordings / MusicBrainz,503,15f16efc-8762-4151-95ab-c12d06268640,https://musicbrainz.org/recording/15f16efc-8762-4151-95ab-c12d06268640,Daft Punk,056e4f3e-d505-4dad-8ec1-d04f521cbb56,2001,97388,medium
songs_somewhere_only_we_know,songs,Somewhere Only We Know,ListenBrainz all-time recordings / MusicBrainz,504,0868857f-740f-47c1-a2c7-b6323c185c63,https://musicbrainz.org/recording/0868857f-740f-47c1-a2c7-b6323c185c63,Keane,c7020c6d-cae9-4db3-92a7-e5c561cbad50,2004,97365,long
songs_crazy,songs,Crazy,ListenBrainz all-time recordings / MusicBrainz,505,aa6c54d3-226b-47d6-85b9-2adf3e22ebaf,https://musicbrainz.org/recording/aa6c54d3-226b-47d6-85b9-2adf3e22ebaf,Gnarls Barkley,a47c3aa2-7d87-475c-a2c7-1e2047dafb09,2006,97295,short
songs_the_sound_of_silence,songs,The Sound of Silence,ListenBrainz all-time recordings / MusicBrainz,506,ddfb4085-e87c-4b38-9ae6-e579f8a7e20e,https://musicbrainz.org/recording/ddfb4085-e87c-4b38-9ae6-e579f8a7e20e,Simon & Garfunkel,5d02f264-e225-41ff-83f7-d9b1f0b1874a,1985,97215,long
songs_ace_of_spades,songs,Ace of Spades,ListenBrainz all-time recordings / MusicBrainz,507,71209300-34e5-491d-81ad-76237d167604,https://musicbrainz.org/recording/71209300-34e5-491d-81ad-76237d167604,Motörhead,57961a97-3796-4bf7-9f02-a985a8979ae9,1986,97126,medium
songs_iron_man,songs,Iron Man,ListenBrainz all-time recordings / MusicBrainz,508,a15e2d0a-efcb-4f4f-ad54-22a4879bbcf9,https://musicbrainz.org/recording/a15e2d0a-efcb-4f4f-ad54-22a4879bbcf9,Black Sabbath,5182c1d9-c7d2-4dad-afa0-ccfeada921a8,1986,97116,medium
songs_money_for_nothing,songs,Money for Nothing,ListenBrainz all-time recordings / MusicBrainz,509,e6c7f0d6-2b44-435c-b321-2fb6bff9a555,https://musicbrainz.org/recording/e6c7f0d6-2b44-435c-b321-2fb6bff9a555,Dire Straits,614e3804-7d34-41ba-857f-811bad7c2b7a,1985,97047,medium
movies_the_shawshank_redemption,movies,The Shawshank Redemption,IMDb non-commercial datasets,1,tt0111161,https://www.imdb.com/title/tt0111161/,,,1994,3226252,medium
movies_the_dark_knight,movies,The Dark Knight,IMDb non-commercial datasets,2,tt0468569,https://www.imdb.com/title/tt0468569/,,,2008,3213937,medium
movies_inception,movies,Inception,IMDb non-commercial datasets,3,tt1375666,https://www.imdb.com/title/tt1375666/,,,2010,2857415,short
movies_fight_club,movies,Fight Club,IMDb non-commercial datasets,4,tt0137523,https://www.imdb.com/title/tt0137523/,,,1999,2649968,medium
movies_interstellar,movies,Interstellar,IMDb non-commercial datasets,5,tt0816692,https://www.imdb.com/title/tt0816692/,,,2014,2591233,short
movies_forrest_gump,movies,Forrest Gump,IMDb non-commercial datasets,6,tt0109830,https://www.imdb.com/title/tt0109830/,,,1994,2525770,medium
movies_pulp_fiction,movies,Pulp Fiction,IMDb non-commercial datasets,7,tt0110912,https://www.imdb.com/title/tt0110912/,,,1994,2459902,medium
movies_the_godfather,movies,The Godfather,IMDb non-commercial datasets,9,tt0068646,https://www.imdb.com/title/tt0068646/,,,1972,2248610,medium
movies_the_lord_of_the_rings_the_fellowship_of_the_ring,movies,The Lord of the Rings: The Fellowship of the Ring,IMDb non-commercial datasets,10,tt0120737,https://www.imdb.com/title/tt0120737/,,,2001,2229490,long
movies_the_lord_of_the_rings_the_return_of_the_king,movies,The Lord of the Rings: The Return of the King,IMDb non-commercial datasets,11,tt0167260,https://www.imdb.com/title/tt0167260/,,,2003,2186174,long
movies_seven,movies,Seven,IMDb non-commercial datasets,12,tt0114369,https://www.imdb.com/title/tt0114369/,,,1995,2050128,short
movies_the_dark_knight_rises,movies,The Dark Knight Rises,IMDb non-commercial datasets,13,tt1345836,https://www.imdb.com/title/tt1345836/,,,2012,2020692,long
movies_the_lord_of_the_rings_the_two_towers,movies,The Lord of the Rings: The Two Towers,IMDb non-commercial datasets,14,tt0167261,https://www.imdb.com/title/tt0167261/,,,2002,1977328,long
movies_django_unchained,movies,Django Unchained,IMDb non-commercial datasets,15,tt1853728,https://www.imdb.com/title/tt1853728/,,,2012,1906749,medium
movies_gladiator,movies,Gladiator,IMDb non-commercial datasets,16,tt0172495,https://www.imdb.com/title/tt0172495/,,,2000,1874481,short
movies_the_wolf_of_wall_street,movies,The Wolf of Wall Street,IMDb non-commercial datasets,17,tt0993846,https://www.imdb.com/title/tt0993846/,,,2013,1817710,long
movies_inglourious_basterds,movies,Inglourious Basterds,IMDb non-commercial datasets,18,tt0361748,https://www.imdb.com/title/tt0361748/,,,2009,1811068,medium
movies_the_silence_of_the_lambs,movies,The Silence of the Lambs,IMDb non-commercial datasets,19,tt0102926,https://www.imdb.com/title/tt0102926/,,,1991,1742662,long
movies_batman_begins,movies,Batman Begins,IMDb non-commercial datasets,20,tt0372784,https://www.imdb.com/title/tt0372784/,,,2005,1737904,medium
movies_shutter_island,movies,Shutter Island,IMDb non-commercial datasets,22,tt1130884,https://www.imdb.com/title/tt1130884/,,,2010,1675500,medium
movies_saving_private_ryan,movies,Saving Private Ryan,IMDb non-commercial datasets,23,tt0120815,https://www.imdb.com/title/tt0120815/,,,1998,1656859,medium
movies_the_prestige,movies,The Prestige,IMDb non-commercial datasets,24,tt0482571,https://www.imdb.com/title/tt0482571/,,,2006,1617550,medium
movies_schindler_s_list,movies,Schindler's List,IMDb non-commercial datasets,25,tt0108052,https://www.imdb.com/title/tt0108052/,,,1993,1598551,medium
movies_star_wars_episode_iv_a_new_hope,movies,Star Wars: Episode IV - A New Hope,IMDb non-commercial datasets,26,tt0076759,https://www.imdb.com/title/tt0076759/,,,1977,1584281,long
movies_the_green_mile,movies,The Green Mile,IMDb non-commercial datasets,27,tt0120689,https://www.imdb.com/title/tt0120689/,,,1999,1579264,medium
movies_the_avengers,movies,The Avengers,IMDb non-commercial datasets,28,tt0848228,https://www.imdb.com/title/tt0848228/,,,2012,1576475,medium
movies_the_departed,movies,The Departed,IMDb non-commercial datasets,29,tt0407887,https://www.imdb.com/title/tt0407887/,,,2006,1572625,medium
movies_star_wars_episode_v_the_empire_strikes_back,movies,Star Wars: Episode V - The Empire Strikes Back,IMDb non-commercial datasets,30,tt0080684,https://www.imdb.com/title/tt0080684/,,,1980,1519176,long
movies_avatar,movies,Avatar,IMDb non-commercial datasets,31,tt0499549,https://www.imdb.com/title/tt0499549/,,,2009,1512455,short
movies_the_godfather_part_ii,movies,The Godfather Part II,IMDb non-commercial datasets,32,tt0071562,https://www.imdb.com/title/tt0071562/,,,1974,1508316,long
movies_back_to_the_future,movies,Back to the Future,IMDb non-commercial datasets,34,tt0088763,https://www.imdb.com/title/tt0088763/,,,1985,1470190,long
movies_memento,movies,Memento,IMDb non-commercial datasets,35,tt0209144,https://www.imdb.com/title/tt0209144/,,,2000,1454005,short
movies_titanic,movies,Titanic,IMDb non-commercial datasets,36,tt0120338,https://www.imdb.com/title/tt0120338/,,,1997,1408133,short
movies_goodfellas,movies,GoodFellas,IMDb non-commercial datasets,37,tt0099685,https://www.imdb.com/title/tt0099685/,,,1990,1407782,short
movies_avengers_infinity_war,movies,Avengers: Infinity War,IMDb non-commercial datasets,38,tt4154756,https://www.imdb.com/title/tt4154756/,,,2018,1401056,medium
movies_the_truman_show,movies,The Truman Show,IMDb non-commercial datasets,39,tt0120382,https://www.imdb.com/title/tt0120382/,,,1998,1398689,medium
movies_guardians_of_the_galaxy,movies,Guardians of the Galaxy,IMDb non-commercial datasets,40,tt2015381,https://www.imdb.com/title/tt2015381/,,,2014,1378779,long
movies_leon_the_professional,movies,Léon: The Professional,IMDb non-commercial datasets,41,tt0110413,https://www.imdb.com/title/tt0110413/,,,1994,1361921,medium
movies_pirates_of_the_caribbean_the_curse_of_the_black_pearl,movies,Pirates of the Caribbean: The Curse of the Black Pearl,IMDb non-commercial datasets,42,tt0325980,https://www.imdb.com/title/tt0325980/,,,2003,1341419,long
movies_walle,movies,WALL·E,IMDb non-commercial datasets,43,tt0910970,https://www.imdb.com/title/tt0910970/,,,2008,1337058,short
movies_kill_bill_vol_1,movies,Kill Bill: Vol. 1,IMDb non-commercial datasets,44,tt0266697,https://www.imdb.com/title/tt0266697/,,,2003,1320873,long
movies_terminator_2_judgment_day,movies,Terminator 2: Judgment Day,IMDb non-commercial datasets,45,tt0103064,https://www.imdb.com/title/tt0103064/,,,1991,1295989,long
movies_american_beauty,movies,American Beauty,IMDb non-commercial datasets,46,tt0169547,https://www.imdb.com/title/tt0169547/,,,1999,1286044,medium
movies_american_history_x,movies,American History X,IMDb non-commercial datasets,47,tt0120586,https://www.imdb.com/title/tt0120586/,,,1998,1283232,medium
movies_the_lion_king,movies,The Lion King,IMDb non-commercial datasets,48,tt0110357,https://www.imdb.com/title/tt0110357/,,,1994,1273369,medium
movies_deadpool,movies,Deadpool,IMDb non-commercial datasets,49,tt1431045,https://www.imdb.com/title/tt1431045/,,,2016,1267540,short
movies_catch_me_if_you_can,movies,Catch Me If You Can,IMDb non-commercial datasets,50,tt0264464,https://www.imdb.com/title/tt0264464/,,,2002,1259396,long
movies_v_for_vendetta,movies,V for Vendetta,IMDb non-commercial datasets,51,tt0434409,https://www.imdb.com/title/tt0434409/,,,2005,1253882,medium
movies_up,movies,Up,IMDb non-commercial datasets,52,tt1049413,https://www.imdb.com/title/tt1049413/,,,2009,1251507,short
movies_the_usual_suspects,movies,The Usual Suspects,IMDb non-commercial datasets,53,tt0114814,https://www.imdb.com/title/tt0114814/,,,1995,1249721,medium
movies_the_shining,movies,The Shining,IMDb non-commercial datasets,55,tt0081505,https://www.imdb.com/title/tt0081505/,,,1980,1239241,medium
movies_good_will_hunting,movies,Good Will Hunting,IMDb non-commercial datasets,56,tt0119217,https://www.imdb.com/title/tt0119217/,,,1997,1236240,medium
movies_finding_nemo,movies,Finding Nemo,IMDb non-commercial datasets,57,tt0266543,https://www.imdb.com/title/tt0266543/,,,2003,1221462,medium
movies_star_wars_episode_vi_return_of_the_jedi,movies,Star Wars: Episode VI - Return of the Jedi,IMDb non-commercial datasets,58,tt0086190,https://www.imdb.com/title/tt0086190/,,,1983,1220784,long
movies_mad_max_fury_road,movies,Mad Max: Fury Road,IMDb non-commercial datasets,59,tt1392190,https://www.imdb.com/title/tt1392190/,,,2015,1217527,long
movies_no_country_for_old_men,movies,No Country for Old Men,IMDb non-commercial datasets,60,tt0477348,https://www.imdb.com/title/tt0477348/,,,2007,1208102,long
movies_jurassic_park,movies,Jurassic Park,IMDb non-commercial datasets,61,tt0107290,https://www.imdb.com/title/tt0107290/,,,1993,1194462,medium
movies_toy_story,movies,Toy Story,IMDb non-commercial datasets,62,tt0114709,https://www.imdb.com/title/tt0114709/,,,1995,1194277,medium
movies_eternal_sunshine_of_the_spotless_mind,movies,Eternal Sunshine of the Spotless Mind,IMDb non-commercial datasets,63,tt0338013,https://www.imdb.com/title/tt0338013/,,,2004,1192750,long
movies_gone_girl,movies,Gone Girl,IMDb non-commercial datasets,65,tt2267998,https://www.imdb.com/title/tt2267998/,,,2014,1183219,medium
movies_reservoir_dogs,movies,Reservoir Dogs,IMDb non-commercial datasets,66,tt0105236,https://www.imdb.com/title/tt0105236/,,,1992,1178896,medium
movies_whiplash,movies,Whiplash,IMDb non-commercial datasets,67,tt2582802,https://www.imdb.com/title/tt2582802/,,,2014,1175372,short
movies_braveheart,movies,Braveheart,IMDb non-commercial datasets,68,tt0112573,https://www.imdb.com/title/tt0112573/,,,1995,1169739,short
movies_one_flew_over_the_cuckoo_s_nest,movies,One Flew Over the Cuckoo's Nest,IMDb non-commercial datasets,69,tt0073486,https://www.imdb.com/title/tt0073486/,,,1975,1164273,long
movies_the_sixth_sense,movies,The Sixth Sense,IMDb non-commercial datasets,70,tt0167404,https://www.imdb.com/title/tt0167404/,,,1999,1156504,medium
movies_raiders_of_the_lost_ark,movies,Raiders of the Lost Ark,IMDb non-commercial datasets,71,tt0082971,https://www.imdb.com/title/tt0082971/,,,1981,1118308,long
movies_the_hunger_games,movies,The Hunger Games,IMDb non-commercial datasets,72,tt1392170,https://www.imdb.com/title/tt1392170/,,,2012,1091475,medium
movies_monsters_inc,movies,"Monsters, Inc.",IMDb non-commercial datasets,73,tt0198781,https://www.imdb.com/title/tt0198781/,,,2001,1087806,medium
movies_alien,movies,Alien,IMDb non-commercial datasets,76,tt0078748,https://www.imdb.com/title/tt0078748/,,,1979,1073602,short
movies_a_beautiful_mind,movies,A Beautiful Mind,IMDb non-commercial datasets,78,tt0268978,https://www.imdb.com/title/tt0268978/,,,2001,1061374,medium
movies_harry_potter_and_the_deathly_hallows_part_2,movies,Harry Potter and the Deathly Hallows: Part 2,IMDb non-commercial datasets,79,tt1201607,https://www.imdb.com/title/tt1201607/,,,2011,1058946,long
movies_the_intouchables,movies,The Intouchables,IMDb non-commercial datasets,80,tt1675434,https://www.imdb.com/title/tt1675434/,,,2011,1038678,medium
movies_taxi_driver,movies,Taxi Driver,IMDb non-commercial datasets,81,tt0075314,https://www.imdb.com/title/tt0075314/,,,1976,1038363,medium
movies_die_hard,movies,Die Hard,IMDb non-commercial datasets,82,tt0095016,https://www.imdb.com/title/tt0095016/,,,1988,1037389,medium
movies_star_wars_episode_vii_the_force_awakens,movies,Star Wars: Episode VII - The Force Awakens,IMDb non-commercial datasets,83,tt2488496,https://www.imdb.com/title/tt2488496/,,,2015,1033472,long
movies_scarface,movies,Scarface,IMDb non-commercial datasets,84,tt0086250,https://www.imdb.com/title/tt0086250/,,,1983,1030085,short
movies_the_martian,movies,The Martian,IMDb non-commercial datasets,85,tt3659388,https://www.imdb.com/title/tt3659388/,,,2015,1026023,medium
movies_the_pianist,movies,The Pianist,IMDb non-commercial datasets,86,tt0253474,https://www.imdb.com/title/tt0253474/,,,2002,1021605,medium
movies_avengers_age_of_ultron,movies,Avengers: Age of Ultron,IMDb non-commercial datasets,87,tt2395427,https://www.imdb.com/title/tt2395427/,,,2015,1016372,long
movies_the_terminator,movies,The Terminator,IMDb non-commercial datasets,88,tt0088247,https://www.imdb.com/title/tt0088247/,,,1984,1014764,medium
movies_12_angry_men,movies,12 Angry Men,IMDb non-commercial datasets,89,tt0050083,https://www.imdb.com/title/tt0050083/,,,1957,998557,medium
movies_spider_man,movies,Spider-Man,IMDb non-commercial datasets,90,tt0145487,https://www.imdb.com/title/tt0145487/,,,2002,990529,short
movies_toy_story_3,movies,Toy Story 3,IMDb non-commercial datasets,91,tt0435761,https://www.imdb.com/title/tt0435761/,,,2010,986876,medium
movies_captain_america_the_winter_soldier,movies,Captain America: The Winter Soldier,IMDb non-commercial datasets,92,tt1843866,https://www.imdb.com/title/tt1843866/,,,2014,984776,long
movies_the_grand_budapest_hotel,movies,The Grand Budapest Hotel,IMDb non-commercial datasets,93,tt2278388,https://www.imdb.com/title/tt2278388/,,,2014,983857,long
movies_snatch,movies,Snatch,IMDb non-commercial datasets,94,tt0208092,https://www.imdb.com/title/tt0208092/,,,2000,983323,short
movies_requiem_for_a_dream,movies,Requiem for a Dream,IMDb non-commercial datasets,95,tt0180093,https://www.imdb.com/title/tt0180093/,,,2000,982317,long
movies_captain_america_the_first_avenger,movies,Captain America: The First Avenger,IMDb non-commercial datasets,96,tt0458339,https://www.imdb.com/title/tt0458339/,,,2011,982169,long
movies_spirited_away,movies,Spirited Away,IMDb non-commercial datasets,97,tt0245429,https://www.imdb.com/title/tt0245429/,,,2001,980900,medium
movies_iron_man_3,movies,Iron Man 3,IMDb non-commercial datasets,98,tt1300854,https://www.imdb.com/title/tt1300854/,,,2013,979340,medium
movies_thor,movies,Thor,IMDb non-commercial datasets,99,tt0800369,https://www.imdb.com/title/tt0800369/,,,2011,979224,short
movies_harry_potter_and_the_sorcerer_s_stone,movies,Harry Potter and the Sorcerer's Stone,IMDb non-commercial datasets,101,tt0241527,https://www.imdb.com/title/tt0241527/,,,2001,962225,long
movies_ratatouille,movies,Ratatouille,IMDb non-commercial datasets,102,tt0382932,https://www.imdb.com/title/tt0382932/,,,2007,961358,short
movies_the_revenant,movies,The Revenant,IMDb non-commercial datasets,103,tt1663202,https://www.imdb.com/title/tt1663202/,,,2015,958521,medium
movies_prisoners,movies,Prisoners,IMDb non-commercial datasets,104,tt1392214,https://www.imdb.com/title/tt1392214/,,,2013,953148,short
movies_iron_man_2,movies,Iron Man 2,IMDb non-commercial datasets,105,tt1228705,https://www.imdb.com/title/tt1228705/,,,2010,952643,medium
movies_captain_america_civil_war,movies,Captain America: Civil War,IMDb non-commercial datasets,107,tt3498820,https://www.imdb.com/title/tt3498820/,,,2016,943755,long
movies_a_clockwork_orange,movies,A Clockwork Orange,IMDb non-commercial datasets,108,tt0066921,https://www.imdb.com/title/tt0066921/,,,1971,942614,medium
movies_the_hangover,movies,The Hangover,IMDb non-commercial datasets,109,tt1119646,https://www.imdb.com/title/tt1119646/,,,2009,941230,medium
movies_logan,movies,Logan,IMDb non-commercial datasets,110,tt3315342,https://www.imdb.com/title/tt3315342/,,,2017,936729,short
movies_star_wars_episode_i_the_phantom_menace,movies,Star Wars: Episode I - The Phantom Menace,IMDb non-commercial datasets,111,tt0120915,https://www.imdb.com/title/tt0120915/,,,1999,936403,long
movies_the_hobbit_an_unexpected_journey,movies,The Hobbit: An Unexpected Journey,IMDb non-commercial datasets,112,tt0903624,https://www.imdb.com/title/tt0903624/,,,2012,935072,long
movies_star_wars_episode_iii_revenge_of_the_sith,movies,Star Wars: Episode III - Revenge of the Sith,IMDb non-commercial datasets,113,tt0121766,https://www.imdb.com/title/tt0121766/,,,2005,931634,long
movies_inside_out,movies,Inside Out,IMDb non-commercial datasets,114,tt2096673,https://www.imdb.com/title/tt2096673/,,,2015,929365,medium
movies_the_big_lebowski,movies,The Big Lebowski,IMDb non-commercial datasets,115,tt0118715,https://www.imdb.com/title/tt0118715/,,,1998,922642,medium
movies_black_panther,movies,Black Panther,IMDb non-commercial datasets,116,tt1825683,https://www.imdb.com/title/tt1825683/,,,2018,922204,medium
movies_300,movies,300,IMDb non-commercial datasets,117,tt0416449,https://www.imdb.com/title/tt0416449/,,,2006,919773,short
movies_donnie_darko,movies,Donnie Darko,IMDb non-commercial datasets,118,tt0246578,https://www.imdb.com/title/tt0246578/,,,2001,917916,medium
movies_slumdog_millionaire,movies,Slumdog Millionaire,IMDb non-commercial datasets,119,tt1010048,https://www.imdb.com/title/tt1010048/,,,2008,914063,medium
movies_the_incredibles,movies,The Incredibles,IMDb non-commercial datasets,120,tt0317705,https://www.imdb.com/title/tt0317705/,,,2004,913582,medium
movies_thor_ragnarok,movies,Thor: Ragnarok,IMDb non-commercial datasets,121,tt3501632,https://www.imdb.com/title/tt3501632/,,,2017,908302,medium
movies_how_to_train_your_dragon,movies,How to Train Your Dragon,IMDb non-commercial datasets,122,tt0892769,https://www.imdb.com/title/tt0892769/,,,2010,905758,long
movies_gravity,movies,Gravity,IMDb non-commercial datasets,123,tt1454468,https://www.imdb.com/title/tt1454468/,,,2013,904808,short
movies_the_good_the_bad_and_the_ugly,movies,"The Good, the Bad and the Ugly",IMDb non-commercial datasets,125,tt0060196,https://www.imdb.com/title/tt0060196/,,,1966,898023,long
movies_black_swan,movies,Black Swan,IMDb non-commercial datasets,126,tt0947798,https://www.imdb.com/title/tt0947798/,,,2010,895698,medium
movies_doctor_strange,movies,Doctor Strange,IMDb non-commercial datasets,127,tt1211837,https://www.imdb.com/title/tt1211837/,,,2016,892919,medium
movies_blade_runner,movies,Blade Runner,IMDb non-commercial datasets,128,tt0083658,https://www.imdb.com/title/tt0083658/,,,1982,888596,medium
movies_i_am_legend,movies,I Am Legend,IMDb non-commercial datasets,130,tt0480249,https://www.imdb.com/title/tt0480249/,,,2007,885973,medium
movies_the_imitation_game,movies,The Imitation Game,IMDb non-commercial datasets,131,tt2084970,https://www.imdb.com/title/tt2084970/,,,2014,883465,medium
movies_city_of_god,movies,City of God,IMDb non-commercial datasets,132,tt0317248,https://www.imdb.com/title/tt0317248/,,,2002,879388,medium
movies_kill_bill_vol_2,movies,Kill Bill: Vol. 2,IMDb non-commercial datasets,133,tt0378194,https://www.imdb.com/title/tt0378194/,,,2004,877856,long
movies_arrival,movies,Arrival,IMDb non-commercial datasets,134,tt2543164,https://www.imdb.com/title/tt2543164/,,,2016,875886,short
movies_man_of_steel,movies,Man of Steel,IMDb non-commercial datasets,135,tt0770828,https://www.imdb.com/title/tt0770828/,,,2013,874356,medium
movies_indiana_jones_and_the_last_crusade,movies,Indiana Jones and the Last Crusade,IMDb non-commercial datasets,136,tt0097576,https://www.imdb.com/title/tt0097576/,,,1989,869534,long
movies_gran_torino,movies,Gran Torino,IMDb non-commercial datasets,137,tt1205489,https://www.imdb.com/title/tt1205489/,,,2008,868316,medium
movies_full_metal_jacket,movies,Full Metal Jacket,IMDb non-commercial datasets,138,tt0093058,https://www.imdb.com/title/tt0093058/,,,1987,857208,medium
movies_american_psycho,movies,American Psycho,IMDb non-commercial datasets,139,tt0144084,https://www.imdb.com/title/tt0144084/,,,2000,852163,medium
movies_aliens,movies,Aliens,IMDb non-commercial datasets,140,tt0090605,https://www.imdb.com/title/tt0090605/,,,1986,846103,short
movies_amelie,movies,Amélie,IMDb non-commercial datasets,141,tt0211915,https://www.imdb.com/title/tt0211915/,,,2001,845295,short
movies_guardians_of_the_galaxy_vol_2,movies,Guardians of the Galaxy: Vol. 2,IMDb non-commercial datasets,142,tt3896198,https://www.imdb.com/title/tt3896198/,,,2017,841748,long
movies_john_wick,movies,John Wick,IMDb non-commercial datasets,143,tt2911666,https://www.imdb.com/title/tt2911666/,,,2014,837770,medium
movies_pirates_of_the_caribbean_dead_man_s_chest,movies,Pirates of the Caribbean: Dead Man's Chest,IMDb non-commercial datasets,144,tt0383574,https://www.imdb.com/title/tt0383574/,,,2006,834481,long
movies_get_out,movies,Get Out,IMDb non-commercial datasets,145,tt5052448,https://www.imdb.com/title/tt5052448/,,,2017,833327,medium
movies_star_wars_episode_ii_attack_of_the_clones,movies,Star Wars: Episode II - Attack of the Clones,IMDb non-commercial datasets,146,tt0121765,https://www.imdb.com/title/tt0121765/,,,2002,829338,long
movies_spider_man_homecoming,movies,Spider-Man: Homecoming,IMDb non-commercial datasets,147,tt2250912,https://www.imdb.com/title/tt2250912/,,,2017,828696,medium
movies_the_social_network,movies,The Social Network,IMDb non-commercial datasets,148,tt1285016,https://www.imdb.com/title/tt1285016/,,,2010,826604,medium
movies_sin_city,movies,Sin City,IMDb non-commercial datasets,149,tt0401792,https://www.imdb.com/title/tt0401792/,,,2005,823224,medium
movies_dunkirk,movies,Dunkirk,IMDb non-commercial datasets,150,tt5013056,https://www.imdb.com/title/tt5013056/,,,2017,823121,short
movies_life_is_beautiful,movies,Life Is Beautiful,IMDb non-commercial datasets,151,tt0118799,https://www.imdb.com/title/tt0118799/,,,1997,820305,medium
movies_shrek,movies,Shrek,IMDb non-commercial datasets,152,tt0126029,https://www.imdb.com/title/tt0126029/,,,2001,818958,short
movies_heat,movies,Heat,IMDb non-commercial datasets,153,tt0113277,https://www.imdb.com/title/tt0113277/,,,1995,815263,short
movies_edge_of_tomorrow,movies,Edge of Tomorrow,IMDb non-commercial datasets,154,tt1631867,https://www.imdb.com/title/tt1631867/,,,2014,812980,medium
movies_spider_man_into_the_spider_verse,movies,Spider-Man: Into the Spider-Verse,IMDb non-commercial datasets,155,tt4633694,https://www.imdb.com/title/tt4633694/,,,2018,810331,long
movies_spider_man_2,movies,Spider-Man 2,IMDb non-commercial datasets,156,tt0316654,https://www.imdb.com/title/tt0316654/,,,2004,803372,medium
movies_batman_v_superman_dawn_of_justice,movies,Batman v Superman: Dawn of Justice,IMDb non-commercial datasets,157,tt2975590,https://www.imdb.com/title/tt2975590/,,,2016,797248,long
movies_x_men_days_of_future_past,movies,X-Men: Days of Future Past,IMDb non-commercial datasets,158,tt1877832,https://www.imdb.com/title/tt1877832/,,,2014,794470,long
movies_fargo,movies,Fargo,IMDb non-commercial datasets,159,tt0116282,https://www.imdb.com/title/tt0116282/,,,1996,793766,short
movies_12_years_a_slave,movies,12 Years a Slave,IMDb non-commercial datasets,160,tt2024544,https://www.imdb.com/title/tt2024544/,,,2013,792837,long
movies_psycho,movies,Psycho,IMDb non-commercial datasets,161,tt0054215,https://www.imdb.com/title/tt0054215/,,,1960,792081,short
movies_world_war_z,movies,World War Z,IMDb non-commercial datasets,162,tt0816711,https://www.imdb.com/title/tt0816711/,,,2013,792032,medium
movies_ant_man,movies,Ant-Man,IMDb non-commercial datasets,163,tt0478970,https://www.imdb.com/title/tt0478970/,,,2015,791009,short
movies_2001_a_space_odyssey,movies,2001: A Space Odyssey,IMDb non-commercial datasets,164,tt0062622,https://www.imdb.com/title/tt0062622/,,,1968,790385,long
movies_thor_the_dark_world,movies,Thor: The Dark World,IMDb non-commercial datasets,165,tt1981115,https://www.imdb.com/title/tt1981115/,,,2013,788208,long
movies_the_amazing_spider_man,movies,The Amazing Spider-Man,IMDb non-commercial datasets,167,tt0948470,https://www.imdb.com/title/tt0948470/,,,2012,783069,medium
movies_kingsman_the_secret_service,movies,Kingsman: The Secret Service,IMDb non-commercial datasets,168,tt2802144,https://www.imdb.com/title/tt2802144/,,,2014,782855,long
movies_the_hunger_games_catching_fire,movies,The Hunger Games: Catching Fire,IMDb non-commercial datasets,170,tt1951264,https://www.imdb.com/title/tt1951264/,,,2013,780821,long
movies_skyfall,movies,Skyfall,IMDb non-commercial datasets,171,tt1074638,https://www.imdb.com/title/tt1074638/,,,2012,778721,short
movies_silver_linings_playbook,movies,Silver Linings Playbook,IMDb non-commercial datasets,172,tt1045658,https://www.imdb.com/title/tt1045658/,,,2012,776802,medium
movies_now_you_see_me,movies,Now You See Me,IMDb non-commercial datasets,173,tt1670345,https://www.imdb.com/title/tt1670345/,,,2013,776717,long
movies_apocalypse_now,movies,Apocalypse Now,IMDb non-commercial datasets,174,tt0078788,https://www.imdb.com/title/tt0078788/,,,1979,776086,medium
movies_harry_potter_and_the_prisoner_of_azkaban,movies,Harry Potter and the Prisoner of Azkaban,IMDb non-commercial datasets,175,tt0304141,https://www.imdb.com/title/tt0304141/,,,2004,775577,long
movies_la_la_land,movies,La La Land,IMDb non-commercial datasets,176,tt3783958,https://www.imdb.com/title/tt3783958/,,,2016,774679,medium
movies_harry_potter_and_the_chamber_of_secrets,movies,Harry Potter and the Chamber of Secrets,IMDb non-commercial datasets,177,tt0295297,https://www.imdb.com/title/tt0295297/,,,2002,774503,long
movies_trainspotting,movies,Trainspotting,IMDb non-commercial datasets,178,tt0117951,https://www.imdb.com/title/tt0117951/,,,1996,772845,short
movies_million_dollar_baby,movies,Million Dollar Baby,IMDb non-commercial datasets,179,tt0405159,https://www.imdb.com/title/tt0405159/,,,2004,771726,medium
movies_drive,movies,Drive,IMDb non-commercial datasets,180,tt0780504,https://www.imdb.com/title/tt0780504/,,,2011,771672,short
movies_x_men_first_class,movies,X-Men: First Class,IMDb non-commercial datasets,181,tt1270798,https://www.imdb.com/title/tt1270798/,,,2011,770355,medium
movies_blade_runner_2049,movies,Blade Runner 2049,IMDb non-commercial datasets,182,tt1856101,https://www.imdb.com/title/tt1856101/,,,2017,765161,medium
movies_suicide_squad,movies,Suicide Squad,IMDb non-commercial datasets,183,tt1386697,https://www.imdb.com/title/tt1386697/,,,2016,764891,medium
movies_rogue_one_a_star_wars_story,movies,Rogue One: A Star Wars Story,IMDb non-commercial datasets,184,tt3748528,https://www.imdb.com/title/tt3748528/,,,2016,763752,long
movies_harry_potter_and_the_goblet_of_fire,movies,Harry Potter and the Goblet of Fire,IMDb non-commercial datasets,185,tt0330373,https://www.imdb.com/title/tt0330373/,,,2005,761850,long
movies_the_hobbit_the_desolation_of_smaug,movies,The Hobbit: The Desolation of Smaug,IMDb non-commercial datasets,186,tt1170358,https://www.imdb.com/title/tt1170358/,,,2013,759711,long
movies_district_9,movies,District 9,IMDb non-commercial datasets,187,tt1136608,https://www.imdb.com/title/tt1136608/,,,2009,756452,medium
movies_deadpool_2,movies,Deadpool 2,IMDb non-commercial datasets,188,tt5463162,https://www.imdb.com/title/tt5463162/,,,2018,754419,medium
movies_home_alone,movies,Home Alone,IMDb non-commercial datasets,189,tt0099785,https://www.imdb.com/title/tt0099785/,,,1990,752485,medium
movies_the_curious_case_of_benjamin_button,movies,The Curious Case of Benjamin Button,IMDb non-commercial datasets,190,tt0421715,https://www.imdb.com/title/tt0421715/,,,2008,752474,long
movies_casino_royale,movies,Casino Royale,IMDb non-commercial datasets,191,tt0381061,https://www.imdb.com/title/tt0381061/,,,2006,752315,medium
movies_pan_s_labyrinth,movies,Pan's Labyrinth,IMDb non-commercial datasets,192,tt0457430,https://www.imdb.com/title/tt0457430/,,,2006,751485,medium
movies_pirates_of_the_caribbean_at_world_s_end,movies,Pirates of the Caribbean: At World's End,IMDb non-commercial datasets,193,tt0449088,https://www.imdb.com/title/tt0449088/,,,2007,751033,long
movies_jaws,movies,Jaws,IMDb non-commercial datasets,194,tt0073195,https://www.imdb.com/title/tt0073195/,,,1975,747443,short
movies_wonder_woman,movies,Wonder Woman,IMDb non-commercial datasets,195,tt0451279,https://www.imdb.com/title/tt0451279/,,,2017,739928,medium
movies_groundhog_day,movies,Groundhog Day,IMDb non-commercial datasets,196,tt0107048,https://www.imdb.com/title/tt0107048/,,,1993,739755,medium
movies_jurassic_world,movies,Jurassic World,IMDb non-commercial datasets,197,tt0369610,https://www.imdb.com/title/tt0369610/,,,2015,735923,medium
movies_the_king_s_speech,movies,The King's Speech,IMDb non-commercial datasets,198,tt1504320,https://www.imdb.com/title/tt1504320/,,,2010,735905,medium
movies_her,movies,Her,IMDb non-commercial datasets,199,tt1798709,https://www.imdb.com/title/tt1798709/,,,2013,732147,short
movies_oldboy,movies,Oldboy,IMDb non-commercial datasets,200,tt0364569,https://www.imdb.com/title/tt0364569/,,,2003,729058,short
movies_the_hateful_eight,movies,The Hateful Eight,IMDb non-commercial datasets,201,tt3460252,https://www.imdb.com/title/tt3460252/,,,2015,728801,medium
movies_star_wars_episode_viii_the_last_jedi,movies,Star Wars: Episode VIII - The Last Jedi,IMDb non-commercial datasets,202,tt2527336,https://www.imdb.com/title/tt2527336/,,,2017,725381,long
movies_transformers,movies,Transformers,IMDb non-commercial datasets,203,tt0418279,https://www.imdb.com/title/tt0418279/,,,2007,724537,short
movies_coco,movies,Coco,IMDb non-commercial datasets,204,tt2380307,https://www.imdb.com/title/tt2380307/,,,2017,722762,short
movies_frozen,movies,Frozen,IMDb non-commercial datasets,205,tt2294629,https://www.imdb.com/title/tt2294629/,,,2013,719899,short
movies_there_will_be_blood,movies,There Will Be Blood,IMDb non-commercial datasets,206,tt0469494,https://www.imdb.com/title/tt0469494/,,,2007,716718,long
movies_ted,movies,Ted,IMDb non-commercial datasets,207,tt1637725,https://www.imdb.com/title/tt1637725/,,,2012,716647,short
movies_spider_man_3,movies,Spider-Man 3,IMDb non-commercial datasets,208,tt0413300,https://www.imdb.com/title/tt0413300/,,,2007,715271,medium
movies_sherlock_holmes,movies,Sherlock Holmes,IMDb non-commercial datasets,209,tt0988045,https://www.imdb.com/title/tt0988045/,,,2009,710257,medium
movies_harry_potter_and_the_order_of_the_phoenix,movies,Harry Potter and the Order of the Phoenix,IMDb non-commercial datasets,210,tt0373889,https://www.imdb.com/title/tt0373889/,,,2007,708642,long
movies_it,movies,It,IMDb non-commercial datasets,211,tt1396484,https://www.imdb.com/title/tt1396484/,,,2017,706547,short
movies_prometheus,movies,Prometheus,IMDb non-commercial datasets,213,tt1446714,https://www.imdb.com/title/tt1446714/,,,2012,705757,short
movies_life_of_pi,movies,Life of Pi,IMDb non-commercial datasets,214,tt0454876,https://www.imdb.com/title/tt0454876/,,,2012,704515,medium
movies_birdman_or_the_unexpected_virtue_of_ignorance,movies,Birdman or (The Unexpected Virtue of Ignorance),IMDb non-commercial datasets,216,tt2562232,https://www.imdb.com/title/tt2562232/,,,2014,702184,long
movies_superbad,movies,Superbad,IMDb non-commercial datasets,217,tt0829482,https://www.imdb.com/title/tt0829482/,,,2007,701616,short
movies_green_book,movies,Green Book,IMDb non-commercial datasets,218,tt6966692,https://www.imdb.com/title/tt6966692/,,,2018,699683,medium
movies_x_men,movies,X-Men,IMDb non-commercial datasets,219,tt0120903,https://www.imdb.com/title/tt0120903/,,,2000,699604,short
movies_the_notebook,movies,The Notebook,IMDb non-commercial datasets,220,tt0332280,https://www.imdb.com/title/tt0332280/,,,2004,699529,medium
movies_rocky,movies,Rocky,IMDb non-commercial datasets,221,tt0075148,https://www.imdb.com/title/tt0075148/,,,1976,698992,short
movies_into_the_wild,movies,Into the Wild,IMDb non-commercial datasets,222,tt0758758,https://www.imdb.com/title/tt0758758/,,,2007,698585,medium
movies_cast_away,movies,Cast Away,IMDb non-commercial datasets,223,tt0162222,https://www.imdb.com/title/tt0162222/,,,2000,694569,medium
movies_hacksaw_ridge,movies,Hacksaw Ridge,IMDb non-commercial datasets,224,tt2119532,https://www.imdb.com/title/tt2119532/,,,2016,693471,medium
movies_baby_driver,movies,Baby Driver,IMDb non-commercial datasets,225,tt3890160,https://www.imdb.com/title/tt3890160/,,,2017,692584,medium
movies_the_bourne_ultimatum,movies,The Bourne Ultimatum,IMDb non-commercial datasets,226,tt0440963,https://www.imdb.com/title/tt0440963/,,,2007,687608,medium
movies_zodiac,movies,Zodiac,IMDb non-commercial datasets,227,tt0443706,https://www.imdb.com/title/tt0443706/,,,2007,684734,short
movies_12_monkeys,movies,12 Monkeys,IMDb non-commercial datasets,228,tt0114746,https://www.imdb.com/title/tt0114746/,,,1995,683161,medium
movies_toy_story_2,movies,Toy Story 2,IMDb non-commercial datasets,229,tt0120363,https://www.imdb.com/title/tt0120363/,,,1999,681713,medium
movies_ocean_s_eleven,movies,Ocean's Eleven,IMDb non-commercial datasets,230,tt0240772,https://www.imdb.com/title/tt0240772/,,,2001,680676,medium
movies_nightcrawler,movies,Nightcrawler,IMDb non-commercial datasets,232,tt2872718,https://www.imdb.com/title/tt2872718/,,,2014,678402,short
movies_taken,movies,Taken,IMDb non-commercial datasets,233,tt0936501,https://www.imdb.com/title/tt0936501/,,,2008,676944,short
movies_the_matrix_reloaded,movies,The Matrix Reloaded,IMDb non-commercial datasets,234,tt0234215,https://www.imdb.com/title/tt0234215/,,,2003,675208,medium
movies_zombieland,movies,Zombieland,IMDb non-commercial datasets,235,tt1156398,https://www.imdb.com/title/tt1156398/,,,2009,672749,short
movies_harry_potter_and_the_deathly_hallows_part_1,movies,Harry Potter and the Deathly Hallows: Part 1,IMDb non-commercial datasets,236,tt0926084,https://www.imdb.com/title/tt0926084/,,,2010,672398,long
movies_argo,movies,Argo,IMDb non-commercial datasets,237,tt1024648,https://www.imdb.com/title/tt1024648/,,,2012,671510,short
movies_men_in_black,movies,Men in Black,IMDb non-commercial datasets,238,tt0119654,https://www.imdb.com/title/tt0119654/,,,1997,669840,medium
movies_harry_potter_and_the_half_blood_prince,movies,Harry Potter and the Half-Blood Prince,IMDb non-commercial datasets,241,tt0417741,https://www.imdb.com/title/tt0417741/,,,2009,668062,long
movies_a_quiet_place,movies,A Quiet Place,IMDb non-commercial datasets,242,tt6644200,https://www.imdb.com/title/tt6644200/,,,2018,667002,medium
movies_dead_poets_society,movies,Dead Poets Society,IMDb non-commercial datasets,243,tt0097165,https://www.imdb.com/title/tt0097165/,,,1989,665240,medium
movies_l_a_confidential,movies,L.A. Confidential,IMDb non-commercial datasets,244,tt0119488,https://www.imdb.com/title/tt0119488/,,,1997,662343,medium
movies_casablanca,movies,Casablanca,IMDb non-commercial datasets,245,tt0034583,https://www.imdb.com/title/tt0034583/,,,1942,659451,short
movies_independence_day,movies,Independence Day,IMDb non-commercial datasets,247,tt0116629,https://www.imdb.com/title/tt0116629/,,,1996,653538,medium
movies_21_jump_street,movies,21 Jump Street,IMDb non-commercial datasets,248,tt1232829,https://www.imdb.com/title/tt1232829/,,,2012,653387,medium
movies_limitless,movies,Limitless,IMDb non-commercial datasets,249,tt1219289,https://www.imdb.com/title/tt1219289/,,,2011,653015,short
movies_lock_stock_and_two_smoking_barrels,movies,"Lock, Stock and Two Smoking Barrels",IMDb non-commercial datasets,250,tt0120735,https://www.imdb.com/title/tt0120735/,,,1998,652875,long
movies_bohemian_rhapsody,movies,Bohemian Rhapsody,IMDb non-commercial datasets,251,tt1727824,https://www.imdb.com/title/tt1727824/,,,2018,652758,medium
movies_the_great_gatsby,movies,The Great Gatsby,IMDb non-commercial datasets,252,tt1343092,https://www.imdb.com/title/tt1343092/,,,2013,648076,medium
movies_zootopia,movies,Zootopia,IMDb non-commercial datasets,253,tt2948356,https://www.imdb.com/title/tt2948356/,,,2016,647218,short
movies_ex_machina,movies,Ex Machina,IMDb non-commercial datasets,255,tt0470752,https://www.imdb.com/title/tt0470752/,,,2014,644282,medium
movies_troy,movies,Troy,IMDb non-commercial datasets,256,tt0332452,https://www.imdb.com/title/tt0332452/,,,2004,644193,short
movies_shaun_of_the_dead,movies,Shaun of the Dead,IMDb non-commercial datasets,257,tt0365748,https://www.imdb.com/title/tt0365748/,,,2004,643485,long
movies_star_trek,movies,Star Trek,IMDb non-commercial datasets,258,tt0796366,https://www.imdb.com/title/tt0796366/,,,2009,640524,medium
movies_despicable_me,movies,Despicable Me,IMDb non-commercial datasets,259,tt1323594,https://www.imdb.com/title/tt1323594/,,,2010,639351,medium
movies_looper,movies,Looper,IMDb non-commercial datasets,260,tt1276104,https://www.imdb.com/title/tt1276104/,,,2012,631638,short
movies_the_conjuring,movies,The Conjuring,IMDb non-commercial datasets,261,tt1457767,https://www.imdb.com/title/tt1457767/,,,2013,630589,medium
movies_blood_diamond,movies,Blood Diamond,IMDb non-commercial datasets,262,tt0450259,https://www.imdb.com/title/tt0450259/,,,2006,629849,medium
movies_the_pursuit_of_happyness,movies,The Pursuit of Happyness,IMDb non-commercial datasets,263,tt0454921,https://www.imdb.com/title/tt0454921/,,,2006,628675,long
movies_split,movies,Split,IMDb non-commercial datasets,264,tt4972582,https://www.imdb.com/title/tt4972582/,,,2016,628664,short
movies_back_to_the_future_part_ii,movies,Back to the Future Part II,IMDb non-commercial datasets,265,tt0096874,https://www.imdb.com/title/tt0096874/,,,1989,627571,long
movies_crazy_stupid_love,movies,"Crazy, Stupid, Love.",IMDb non-commercial datasets,266,tt1570728,https://www.imdb.com/title/tt1570728/,,,2011,627067,medium
movies_casino,movies,Casino,IMDb non-commercial datasets,267,tt0112641,https://www.imdb.com/title/tt0112641/,,,1995,626108,short
movies_minority_report,movies,Minority Report,IMDb non-commercial datasets,268,tt0181689,https://www.imdb.com/title/tt0181689/,,,2002,625741,medium
movies_500_days_of_summer,movies,500 Days of Summer,IMDb non-commercial datasets,269,tt1022603,https://www.imdb.com/title/tt1022603/,,,2009,625556,long
movies_the_hobbit_the_battle_of_the_five_armies,movies,The Hobbit: The Battle of the Five Armies,IMDb non-commercial datasets,270,tt2310332,https://www.imdb.com/title/tt2310332/,,,2014,623706,long
movies_kick_ass,movies,Kick-Ass,IMDb non-commercial datasets,271,tt1250777,https://www.imdb.com/title/tt1250777/,,,2010,623703,short
movies_i_robot,movies,"I, Robot",IMDb non-commercial datasets,272,tt0343818,https://www.imdb.com/title/tt0343818/,,,2004,619511,medium
movies_the_bourne_identity,movies,The Bourne Identity,IMDb non-commercial datasets,273,tt0258463,https://www.imdb.com/title/tt0258463/,,,2002,618889,medium
movies_fury,movies,Fury,IMDb non-commercial datasets,274,tt2713180,https://www.imdb.com/title/tt2713180/,,,2014,616399,short
movies_x2_x_men_united,movies,X2: X-Men United,IMDb non-commercial datasets,275,tt0290334,https://www.imdb.com/title/tt0290334/,,,2003,616343,medium
movies_watchmen,movies,Watchmen,IMDb non-commercial datasets,276,tt0409459,https://www.imdb.com/title/tt0409459/,,,2009,615080,short
movies_venom,movies,Venom,IMDb non-commercial datasets,277,tt1270797,https://www.imdb.com/title/tt1270797/,,,2018,614707,short
movies_three_billboards_outside_ebbing_missouri,movies,"Three Billboards Outside Ebbing, Missouri",IMDb non-commercial datasets,278,tt5027774,https://www.imdb.com/title/tt5027774/,,,2017,614065,long
movies_pirates_of_the_caribbean_on_stranger_tides,movies,Pirates of the Caribbean: On Stranger Tides,IMDb non-commercial datasets,279,tt1298650,https://www.imdb.com/title/tt1298650/,,,2011,612982,long
movies_rise_of_the_planet_of_the_apes,movies,Rise of the Planet of the Apes,IMDb non-commercial datasets,280,tt1318514,https://www.imdb.com/title/tt1318514/,,,2011,609028,long
movies_monty_python_and_the_holy_grail,movies,Monty Python and the Holy Grail,IMDb non-commercial datasets,281,tt0071853,https://www.imdb.com/title/tt0071853/,,,1975,606671,long
movies_the_amazing_spider_man_2,movies,The Amazing Spider-Man 2,IMDb non-commercial datasets,282,tt1872181,https://www.imdb.com/title/tt1872181/,,,2014,604542,long
movies_the_perks_of_being_a_wallflower,movies,The Perks of Being a Wallflower,IMDb non-commercial datasets,283,tt1659337,https://www.imdb.com/title/tt1659337/,,,2012,603730,long
movies_mr_mrs_smith,movies,Mr. & Mrs. Smith,IMDb non-commercial datasets,284,tt0356910,https://www.imdb.com/title/tt0356910/,,,2005,600400,long
movies_oblivion,movies,Oblivion,IMDb non-commercial datasets,285,tt1483013,https://www.imdb.com/title/tt1483013/,,,2013,589692,short
movies_rain_man,movies,Rain Man,IMDb non-commercial datasets,286,tt0095953,https://www.imdb.com/title/tt0095953/,,,1988,588395,medium
movies_kung_fu_panda,movies,Kung Fu Panda,IMDb non-commercial datasets,287,tt0441773,https://www.imdb.com/title/tt0441773/,,,2008,588169,medium
movies_source_code,movies,Source Code,IMDb non-commercial datasets,289,tt0945513,https://www.imdb.com/title/tt0945513/,,,2011,586717,medium
movies_lucy,movies,Lucy,IMDb non-commercial datasets,290,tt2872732,https://www.imdb.com/title/tt2872732/,,,2014,584418,short
movies_the_hangover_part_ii,movies,The Hangover Part II,IMDb non-commercial datasets,291,tt1411697,https://www.imdb.com/title/tt1411697/,,,2011,584106,long
movies_love_actually,movies,Love Actually,IMDb non-commercial datasets,292,tt0314331,https://www.imdb.com/title/tt0314331/,,,2003,583303,medium
movies_the_matrix_revolutions,movies,The Matrix Revolutions,IMDb non-commercial datasets,295,tt0242653,https://www.imdb.com/title/tt0242653/,,,2003,578982,medium
movies_x_men_the_last_stand,movies,X-Men: The Last Stand,IMDb non-commercial datasets,296,tt0376994,https://www.imdb.com/title/tt0376994/,,,2006,577327,long
movies_john_wick_chapter_2,movies,John Wick: Chapter 2,IMDb non-commercial datasets,297,tt4425200,https://www.imdb.com/title/tt4425200/,,,2017,576949,long
movies_charlie_and_the_chocolate_factory,movies,Charlie and the Chocolate Factory,IMDb non-commercial datasets,298,tt0367594,https://www.imdb.com/title/tt0367594/,,,2005,576672,long
movies_juno,movies,Juno,IMDb non-commercial datasets,299,tt0467406,https://www.imdb.com/title/tt0467406/,,,2007,574650,short
movies_american_sniper,movies,American Sniper,IMDb non-commercial datasets,300,tt2179136,https://www.imdb.com/title/tt2179136/,,,2014,574557,medium
movies_the_incredible_hulk,movies,The Incredible Hulk,IMDb non-commercial datasets,301,tt0800080,https://www.imdb.com/title/tt0800080/,,,2008,574155,medium
movies_x_men_origins_wolverine,movies,X-Men Origins: Wolverine,IMDb non-commercial datasets,302,tt0458525,https://www.imdb.com/title/tt0458525/,,,2009,573040,medium
movies_indiana_jones_and_the_temple_of_doom,movies,Indiana Jones and the Temple of Doom,IMDb non-commercial datasets,303,tt0087469,https://www.imdb.com/title/tt0087469/,,,1984,572549,long
movies_rear_window,movies,Rear Window,IMDb non-commercial datasets,304,tt0047396,https://www.imdb.com/title/tt0047396/,,,1954,572542,medium
movies_hot_fuzz,movies,Hot Fuzz,IMDb non-commercial datasets,305,tt0425112,https://www.imdb.com/title/tt0425112/,,,2007,571474,medium
movies_ice_age,movies,Ice Age,IMDb non-commercial datasets,306,tt0268380,https://www.imdb.com/title/tt0268380/,,,2002,570543,medium
movies_children_of_men,movies,Children of Men,IMDb non-commercial datasets,307,tt0206634,https://www.imdb.com/title/tt0206634/,,,2006,570271,medium
movies_the_maze_runner,movies,The Maze Runner,IMDb non-commercial datasets,308,tt1790864,https://www.imdb.com/title/tt1790864/,,,2014,570080,medium
movies_edward_scissorhands,movies,Edward Scissorhands,IMDb non-commercial datasets,309,tt0099487,https://www.imdb.com/title/tt0099487/,,,1990,569073,medium
movies_the_devil_wears_prada,movies,The Devil Wears Prada,IMDb non-commercial datasets,310,tt0458352,https://www.imdb.com/title/tt0458352/,,,2006,569042,long
movies_mission_impossible_ghost_protocol,movies,Mission: Impossible - Ghost Protocol,IMDb non-commercial datasets,311,tt1229238,https://www.imdb.com/title/tt1229238/,,,2011,568570,long
movies_rush,movies,Rush,IMDb non-commercial datasets,312,tt1979320,https://www.imdb.com/title/tt1979320/,,,2013,564997,short
movies_little_miss_sunshine,movies,Little Miss Sunshine,IMDb non-commercial datasets,313,tt0449059,https://www.imdb.com/title/tt0449059/,,,2006,564268,medium
movies_pacific_rim,movies,Pacific Rim,IMDb non-commercial datasets,314,tt1663662,https://www.imdb.com/title/tt1663662/,,,2013,562917,medium
movies_shrek_2,movies,Shrek 2,IMDb non-commercial datasets,315,tt0298148,https://www.imdb.com/title/tt0298148/,,,2004,561829,medium
movies_big_hero_6,movies,Big Hero 6,IMDb non-commercial datasets,316,tt2245084,https://www.imdb.com/title/tt2245084/,,,2014,560212,medium
movies_top_gun,movies,Top Gun,IMDb non-commercial datasets,317,tt0092099,https://www.imdb.com/title/tt0092099/,,,1986,559431,medium
movies_the_butterfly_effect,movies,The Butterfly Effect,IMDb non-commercial datasets,318,tt0289879,https://www.imdb.com/title/tt0289879/,,,2004,559403,medium
movies_aquaman,movies,Aquaman,IMDb non-commercial datasets,319,tt1477834,https://www.imdb.com/title/tt1477834/,,,2018,558460,short
movies_it_s_a_wonderful_life,movies,It's a Wonderful Life,IMDb non-commercial datasets,320,tt0038650,https://www.imdb.com/title/tt0038650/,,,1946,557916,long
movies_28_days_later,movies,28 Days Later,IMDb non-commercial datasets,322,tt0289043,https://www.imdb.com/title/tt0289043/,,,2002,553984,medium
movies_dr_strangelove_or_how_i_learned_to_stop_worrying_and_love_the_bomb,movies,Dr. Strangelove or: How I Learned to Stop Worrying and Love the Bomb,IMDb non-commercial datasets,323,tt0057012,https://www.imdb.com/title/tt0057012/,,,1964,553468,long
movies_tangled,movies,Tangled,IMDb non-commercial datasets,324,tt0398286,https://www.imdb.com/title/tt0398286/,,,2010,552174,short
movies_the_hunger_games_mockingjay_part_1,movies,The Hunger Games: Mockingjay - Part 1,IMDb non-commercial datasets,325,tt1951265,https://www.imdb.com/title/tt1951265/,,,2014,552047,long
bands_radiohead,bands,Radiohead,ListenBrainz all-time artists / MusicBrainz,1,a74b1b7f-71a5-4011-9441-d0b5e4122711,https://musicbrainz.org/artist/a74b1b7f-71a5-4011-9441-d0b5e4122711,,,1991,3137412,short
bands_daft_punk,bands,Daft Punk,ListenBrainz all-time artists / MusicBrainz,2,056e4f3e-d505-4dad-8ec1-d04f521cbb56,https://musicbrainz.org/artist/056e4f3e-d505-4dad-8ec1-d04f521cbb56,,,1993,2613498,medium
bands_the_beatles,bands,The Beatles,ListenBrainz all-time artists / MusicBrainz,3,b10bbbfc-cf9e-42e0-be17-e2c3e1d2600d,https://musicbrainz.org/artist/b10bbbfc-cf9e-42e0-be17-e2c3e1d2600d,,,1960,2608678,medium
bands_linkin_park,bands,Linkin Park,ListenBrainz all-time artists / MusicBrainz,4,f59c5520-5f46-4d2c-b2c4-822eabf53419,https://musicbrainz.org/artist/f59c5520-5f46-4d2c-b2c4-822eabf53419,,,1996,2589203,medium
bands_pink_floyd,bands,Pink Floyd,ListenBrainz all-time artists / MusicBrainz,7,83d91898-7763-47d7-b03b-b92132375c47,https://musicbrainz.org/artist/83d91898-7763-47d7-b03b-b92132375c47,,,1965,2337718,medium
bands_gorillaz,bands,Gorillaz,ListenBrainz all-time artists / MusicBrainz,8,e21857d5-3256-4547-afb3-4b6ded592596,https://musicbrainz.org/artist/e21857d5-3256-4547-afb3-4b6ded592596,,,1999,2203134,short
bands_coldplay,bands,Coldplay,ListenBrainz all-time artists / MusicBrainz,9,cc197bad-dc9c-440d-a5b5-d52ba2e14234,https://musicbrainz.org/artist/cc197bad-dc9c-440d-a5b5-d52ba2e14234,,,1996,2101379,short
bands_red_hot_chili_peppers,bands,Red Hot Chili Peppers,ListenBrainz all-time artists / MusicBrainz,16,8bfac288-ccc5-448d-9573-c33ea2aa5c30,https://musicbrainz.org/artist/8bfac288-ccc5-448d-9573-c33ea2aa5c30,,,1983,1919556,long
bands_muse,bands,Muse,ListenBrainz all-time artists / MusicBrainz,17,9c9f1380-2516-4fc9-a3e6-f9f61941d090,https://musicbrainz.org/artist/9c9f1380-2516-4fc9-a3e6-f9f61941d090,,,1994,1865719,short
bands_metallica,bands,Metallica,ListenBrainz all-time artists / MusicBrainz,18,65f4f0c5-ef9e-490c-aee3-909e7ae6b2ab,https://musicbrainz.org/artist/65f4f0c5-ef9e-490c-aee3-909e7ae6b2ab,,,1981,1860943,short
bands_arctic_monkeys,bands,Arctic Monkeys,ListenBrainz all-time artists / MusicBrainz,19,ada7a83c-e3e1-40f1-93f9-3e73dbc9298a,https://musicbrainz.org/artist/ada7a83c-e3e1-40f1-93f9-3e73dbc9298a,,,2002,1820776,medium
bands_system_of_a_down,bands,System of a Down,ListenBrainz all-time artists / MusicBrainz,20,cc0b7089-c08d-4c10-b6b0-873582c17fd6,https://musicbrainz.org/artist/cc0b7089-c08d-4c10-b6b0-873582c17fd6,,,1995,1806470,long
bands_green_day,bands,Green Day,ListenBrainz all-time artists / MusicBrainz,21,084308bd-1654-436f-ba03-df6697104e19,https://musicbrainz.org/artist/084308bd-1654-436f-ba03-df6697104e19,,,1989,1711146,medium
bands_led_zeppelin,bands,Led Zeppelin,ListenBrainz all-time artists / MusicBrainz,25,678d88b2-87b0-403b-b63d-5da7465aecc3,https://musicbrainz.org/artist/678d88b2-87b0-403b-b63d-5da7465aecc3,,,1968,1518951,medium
bands_bts,bands,BTS,ListenBrainz all-time artists / MusicBrainz,26,0d79fe8e-ba27-4859-bb8c-2f255f346853,https://musicbrainz.org/artist/0d79fe8e-ba27-4859-bb8c-2f255f346853,,,2013,1510075,short
bands_foo_fighters,bands,Foo Fighters,ListenBrainz all-time artists / MusicBrainz,29,67f66c07-6e61-4026-ade5-7e782fad3a5d,https://musicbrainz.org/artist/67f66c07-6e61-4026-ade5-7e782fad3a5d,,,1994,1455631,medium
bands_the_cure,bands,The Cure,ListenBrainz all-time artists / MusicBrainz,32,69ee3720-a7cb-4402-b48d-a02c366f2bcf,https://musicbrainz.org/artist/69ee3720-a7cb-4402-b48d-a02c366f2bcf,,,1977,1394125,medium
bands_nine_inch_nails,bands,Nine Inch Nails,ListenBrainz all-time artists / MusicBrainz,33,b7ffd2af-418f-4be2-bdd1-22f8b48613da,https://musicbrainz.org/artist/b7ffd2af-418f-4be2-bdd1-22f8b48613da,,,1988,1393865,medium
bands_imagine_dragons,bands,Imagine Dragons,ListenBrainz all-time artists / MusicBrainz,34,012151a8-0f9a-44c9-997f-ebd68b5389f9,https://musicbrainz.org/artist/012151a8-0f9a-44c9-997f-ebd68b5389f9,,,2008,1365693,medium
bands_the_rolling_stones,bands,The Rolling Stones,ListenBrainz all-time artists / MusicBrainz,35,b071f9fa-14b0-4217-8e97-eb41da73f598,https://musicbrainz.org/artist/b071f9fa-14b0-4217-8e97-eb41da73f598,,,1962,1351703,medium
bands_the_strokes,bands,The Strokes,ListenBrainz all-time artists / MusicBrainz,39,f181961b-20f7-459e-89de-920ef03c7ed0,https://musicbrainz.org/artist/f181961b-20f7-459e-89de-920ef03c7ed0,,,1998,1283177,medium
bands_weezer,bands,Weezer,ListenBrainz all-time artists / MusicBrainz,41,6fe07aa5-fec0-4eca-a456-f29bff451b04,https://musicbrainz.org/artist/6fe07aa5-fec0-4eca-a456-f29bff451b04,,,1992,1243475,short
bands_paramore,bands,Paramore,ListenBrainz all-time artists / MusicBrainz,42,44cf61b8-5197-448a-b82b-cef6ee89fac5,https://musicbrainz.org/artist/44cf61b8-5197-448a-b82b-cef6ee89fac5,,,2004,1238476,short
bands_depeche_mode,bands,Depeche Mode,ListenBrainz all-time artists / MusicBrainz,43,8538e728-ca0b-4321-b7e5-cff6565dd4c0,https://musicbrainz.org/artist/8538e728-ca0b-4321-b7e5-cff6565dd4c0,,,1980,1237758,medium
bands_the_smashing_pumpkins,bands,The Smashing Pumpkins,ListenBrainz all-time artists / MusicBrainz,44,ba0d6274-db14-4ef5-b28d-657ebde1a396,https://musicbrainz.org/artist/ba0d6274-db14-4ef5-b28d-657ebde1a396,,,1988,1230235,medium
bands_the_killers,bands,The Killers,ListenBrainz all-time artists / MusicBrainz,45,95e1ead9-4d31-4808-a7ac-32c3614c116b,https://musicbrainz.org/artist/95e1ead9-4d31-4808-a7ac-32c3614c116b,,,2001,1217670,medium
bands_deftones,bands,Deftones,ListenBrainz all-time artists / MusicBrainz,46,7527f6c2-d762-4b88-b5e2-9244f1e34c46,https://musicbrainz.org/artist/7527f6c2-d762-4b88-b5e2-9244f1e34c46,,,1988,1216460,short
bands_rammstein,bands,Rammstein,ListenBrainz all-time artists / MusicBrainz,47,b2d122f9-eadb-4930-a196-8f221eeb0c66,https://musicbrainz.org/artist/b2d122f9-eadb-4930-a196-8f221eeb0c66,,,1994,1216312,short
bands_fleetwood_mac,bands,Fleetwood Mac,ListenBrainz all-time artists / MusicBrainz,48,bd13909f-1c29-4c27-a874-d4aaf27c5b1a,https://musicbrainz.org/artist/bd13909f-1c29-4c27-a874-d4aaf27c5b1a,,,1967,1199975,medium
bands_my_chemical_romance,bands,My Chemical Romance,ListenBrainz all-time artists / MusicBrainz,49,c07f0676-9143-4217-8a9f-4c26bd636f13,https://musicbrainz.org/artist/c07f0676-9143-4217-8a9f-4c26bd636f13,,,2001,1199591,medium
bands_queens_of_the_stone_age,bands,Queens of the Stone Age,ListenBrainz all-time artists / MusicBrainz,50,7dc8f5bd-9d0b-4087-9f73-dc164950bbd8,https://musicbrainz.org/artist/7dc8f5bd-9d0b-4087-9f73-dc164950bbd8,,,1996,1196127,long
bands_twenty_one_pilots,bands,twenty one pilots,ListenBrainz all-time artists / MusicBrainz,51,a6c6897a-7415-4f8d-b5a5-3a5e05f3be67,https://musicbrainz.org/artist/a6c6897a-7415-4f8d-b5a5-3a5e05f3be67,,,2009,1188570,medium
bands_tool,bands,Tool,ListenBrainz all-time artists / MusicBrainz,52,66fc5bf8-daa4-4241-b378-9bc9077939d2,https://musicbrainz.org/artist/66fc5bf8-daa4-4241-b378-9bc9077939d2,,,1990,1183094,short
bands_black_sabbath,bands,Black Sabbath,ListenBrainz all-time artists / MusicBrainz,54,5182c1d9-c7d2-4dad-afa0-ccfeada921a8,https://musicbrainz.org/artist/5182c1d9-c7d2-4dad-afa0-ccfeada921a8,,,1968,1173245,medium
bands_ac_dc,bands,AC/DC,ListenBrainz all-time artists / MusicBrainz,55,66c662b6-6e2f-4930-8610-912e24c63ed1,https://musicbrainz.org/artist/66c662b6-6e2f-4930-8610-912e24c63ed1,,,1973,1169480,short
bands_fall_out_boy,bands,Fall Out Boy,ListenBrainz all-time artists / MusicBrainz,57,516cef4d-0718-4007-9939-f9b38af3f784,https://musicbrainz.org/artist/516cef4d-0718-4007-9939-f9b38af3f784,,,2001,1160510,medium
bands_the_offspring,bands,The Offspring,ListenBrainz all-time artists / MusicBrainz,59,23a03e33-a603-404e-bcbf-2c00159d7067,https://musicbrainz.org/artist/23a03e33-a603-404e-bcbf-2c00159d7067,,,1984,1140104,medium
bands_the_smiths,bands,The Smiths,ListenBrainz all-time artists / MusicBrainz,60,40f5d9e4-2de7-4f2d-ad41-e31a9a9fea27,https://musicbrainz.org/artist/40f5d9e4-2de7-4f2d-ad41-e31a9a9fea27,,,1982,1137438,medium
bands_boards_of_canada,bands,Boards of Canada,ListenBrainz all-time artists / MusicBrainz,61,69158f97-4c07-4c4e-baf8-4e4ab1ed666e,https://musicbrainz.org/artist/69158f97-4c07-4c4e-baf8-4e4ab1ed666e,,,1986,1136554,medium
bands_massive_attack,bands,Massive Attack,ListenBrainz all-time artists / MusicBrainz,63,10adbe5e-a2c0-4bf3-8249-2b4cbf6e6ca8,https://musicbrainz.org/artist/10adbe5e-a2c0-4bf3-8249-2b4cbf6e6ca8,,,1987,1124229,medium
bands_blink182,bands,blink‐182,ListenBrainz all-time artists / MusicBrainz,64,0743b15a-3c32-48c8-ad58-cb325350befa,https://musicbrainz.org/artist/0743b15a-3c32-48c8-ad58-cb325350befa,,,1992,1123740,short
bands_arcade_fire,bands,Arcade Fire,ListenBrainz all-time artists / MusicBrainz,65,52074ba6-e495-4ef3-9bb4-0703888a9f68,https://musicbrainz.org/artist/52074ba6-e495-4ef3-9bb4-0703888a9f68,,,2001,1101868,medium
bands_slipknot,bands,Slipknot,ListenBrainz all-time artists / MusicBrainz,68,a466c2a2-6517-42fb-a160-1087c3bafd9f,https://musicbrainz.org/artist/a466c2a2-6517-42fb-a160-1087c3bafd9f,,,1995,1059861,short
bands_iron_maiden,bands,Iron Maiden,ListenBrainz all-time artists / MusicBrainz,69,ca891d65-d9b0-4258-89f7-e6ba29d83767,https://musicbrainz.org/artist/ca891d65-d9b0-4258-89f7-e6ba29d83767,,,1975,1059562,medium
bands_rage_against_the_machine,bands,Rage Against the Machine,ListenBrainz all-time artists / MusicBrainz,70,3798b104-01cb-484c-a3b0-56adc6399b80,https://musicbrainz.org/artist/3798b104-01cb-484c-a3b0-56adc6399b80,,,1991,1052798,long
bands_pixies,bands,Pixies,ListenBrainz all-time artists / MusicBrainz,71,b6b2bb8d-54a9-491f-9607-7b546023b433,https://musicbrainz.org/artist/b6b2bb8d-54a9-491f-9607-7b546023b433,,,1986,1048097,short
bands_the_white_stripes,bands,The White Stripes,ListenBrainz all-time artists / MusicBrainz,72,11ae9fbb-f3d7-4a47-936f-4c0a04d3b3b5,https://musicbrainz.org/artist/11ae9fbb-f3d7-4a47-936f-4c0a04d3b3b5,,,1997,1039608,medium
bands_mgmt,bands,MGMT,ListenBrainz all-time artists / MusicBrainz,73,c485632c-b784-4ee9-8ea1-c5fb365681fc,https://musicbrainz.org/artist/c485632c-b784-4ee9-8ea1-c5fb365681fc,,,2002,1038083,short
bands_u2,bands,U2,ListenBrainz all-time artists / MusicBrainz,76,a3cb23fc-acd3-4ce0-8f36-1e5aa6a18432,https://musicbrainz.org/artist/a3cb23fc-acd3-4ce0-8f36-1e5aa6a18432,,,1976,1023064,short
bands_pearl_jam,bands,Pearl Jam,ListenBrainz all-time artists / MusicBrainz,78,83b9cbe7-9857-49e2-ab8e-b57b01038103,https://musicbrainz.org/artist/83b9cbe7-9857-49e2-ab8e-b57b01038103,,,1990,1019758,medium
bands_r_e_m,bands,R.E.M.,ListenBrainz all-time artists / MusicBrainz,80,ea4dfa26-f633-4da6-a52a-f49ea4897b58,https://musicbrainz.org/artist/ea4dfa26-f633-4da6-a52a-f49ea4897b58,,,1980,1016167,short
bands_the_prodigy,bands,The Prodigy,ListenBrainz all-time artists / MusicBrainz,81,4a4ee089-93b1-4470-af9a-6ff575d32704,https://musicbrainz.org/artist/4a4ee089-93b1-4470-af9a-6ff575d32704,,,1990,1014606,medium
bands_bring_me_the_horizon,bands,Bring Me the Horizon,ListenBrainz all-time artists / MusicBrainz,82,074e3847-f67f-49f9-81f1-8c8cea147e8e,https://musicbrainz.org/artist/074e3847-f67f-49f9-81f1-8c8cea147e8e,,,2004,1014324,long
bands_the_black_keys,bands,The Black Keys,ListenBrainz all-time artists / MusicBrainz,84,d15721d8-56b4-453d-b506-fc915b14cba2,https://musicbrainz.org/artist/d15721d8-56b4-453d-b506-fc915b14cba2,,,2001,986094,medium
bands_florence_the_machine,bands,Florence + the Machine,ListenBrainz all-time artists / MusicBrainz,87,5fee3020-513b-48c2-b1f7-4681b01db0c6,https://musicbrainz.org/artist/5fee3020-513b-48c2-b1f7-4681b01db0c6,,,2007,975213,long
bands_guns_n_roses,bands,Guns N’ Roses,ListenBrainz all-time artists / MusicBrainz,90,eeb1195b-f213-4ce1-b28c-8565211f8e43,https://musicbrainz.org/artist/eeb1195b-f213-4ce1-b28c-8565211f8e43,,,1985,961687,medium
bands_the_doors,bands,The Doors,ListenBrainz all-time artists / MusicBrainz,91,9efff43b-3b29-4082-824e-bc82f646f93d,https://musicbrainz.org/artist/9efff43b-3b29-4082-824e-bc82f646f93d,,,1965,960222,medium
bands_korn,bands,Korn,ListenBrainz all-time artists / MusicBrainz,92,ac865b2e-bba8-4f5a-8756-dd40d5e39f46,https://musicbrainz.org/artist/ac865b2e-bba8-4f5a-8756-dd40d5e39f46,,,1993,959892,short
bands_panic_at_the_disco,bands,Panic! at the Disco,ListenBrainz all-time artists / MusicBrainz,95,b9472588-93f3-4922-a1a2-74082cdf9ce8,https://musicbrainz.org/artist/b9472588-93f3-4922-a1a2-74082cdf9ce8,,,2004,949962,long
bands_oasis,bands,Oasis,ListenBrainz all-time artists / MusicBrainz,101,39ab1aed-75e0-4140-bd47-540276886b60,https://musicbrainz.org/artist/39ab1aed-75e0-4140-bd47-540276886b60,,,1991,939901,short
bands_maroon_5,bands,Maroon 5,ListenBrainz all-time artists / MusicBrainz,103,0ab49580-c84f-44d4-875f-d83760ea2cfe,https://musicbrainz.org/artist/0ab49580-c84f-44d4-875f-d83760ea2cfe,,,2001,926073,medium
bands_m83,bands,M83,ListenBrainz all-time artists / MusicBrainz,108,6d7b7cd4-254b-4c25-83f6-dd20f98ceacd,https://musicbrainz.org/artist/6d7b7cd4-254b-4c25-83f6-dd20f98ceacd,,,2001,888586,short
bands_talking_heads,bands,Talking Heads,ListenBrainz all-time artists / MusicBrainz,110,a94a7155-c79d-4409-9fcf-220cb0e4dc3a,https://musicbrainz.org/artist/a94a7155-c79d-4409-9fcf-220cb0e4dc3a,,,1974,885557,medium
bands_bon_iver,bands,Bon Iver,ListenBrainz all-time artists / MusicBrainz,113,437a0e49-c6ae-42f6-a6c1-84f25ed366bc,https://musicbrainz.org/artist/437a0e49-c6ae-42f6-a6c1-84f25ed366bc,,,2006,876073,medium
bands_blur,bands,Blur,ListenBrainz all-time artists / MusicBrainz,115,ba853904-ae25-4ebb-89d6-c44cfbd71bd2,https://musicbrainz.org/artist/ba853904-ae25-4ebb-89d6-c44cfbd71bd2,,,1990,854206,short
bands_portishead,bands,Portishead,ListenBrainz all-time artists / MusicBrainz,116,8f6bd1e4-fbe1-4f50-aa9b-94c450ec0f11,https://musicbrainz.org/artist/8f6bd1e4-fbe1-4f50-aa9b-94c450ec0f11,,,1991,850954,short
bands_the_beach_boys,bands,The Beach Boys,ListenBrainz all-time artists / MusicBrainz,117,ebfc1398-8d96-47e3-82c3-f782abcdb13d,https://musicbrainz.org/artist/ebfc1398-8d96-47e3-82c3-f782abcdb13d,,,1961,847665,medium
bands_alice_in_chains,bands,Alice in Chains,ListenBrainz all-time artists / MusicBrainz,119,4bd95eea-b9f6-4d70-a36c-cfea77431553,https://musicbrainz.org/artist/4bd95eea-b9f6-4d70-a36c-cfea77431553,,,1987,845873,medium
bands_beastie_boys,bands,Beastie Boys,ListenBrainz all-time artists / MusicBrainz,121,9beb62b2-88db-4cea-801e-162cd344ee53,https://musicbrainz.org/artist/9beb62b2-88db-4cea-801e-162cd344ee53,,,1979,837376,medium
bands_modest_mouse,bands,Modest Mouse,ListenBrainz all-time artists / MusicBrainz,125,a96ac800-bfcb-412a-8a63-0a98df600700,https://musicbrainz.org/artist/a96ac800-bfcb-412a-8a63-0a98df600700,,,1993,817407,medium
bands_dire_straits,bands,Dire Straits,ListenBrainz all-time artists / MusicBrainz,126,614e3804-7d34-41ba-857f-811bad7c2b7a,https://musicbrainz.org/artist/614e3804-7d34-41ba-857f-811bad7c2b7a,,,1977,809361,medium
bands_the_xx,bands,The xx,ListenBrainz all-time artists / MusicBrainz,127,c5c2ea1c-4bde-4f4d-bd0b-47b200bf99d6,https://musicbrainz.org/artist/c5c2ea1c-4bde-4f4d-bd0b-47b200bf99d6,,,2005,803987,medium
bands_the_clash,bands,The Clash,ListenBrainz all-time artists / MusicBrainz,128,8f92558c-2baa-4758-8c38-615519e9deda,https://musicbrainz.org/artist/8f92558c-2baa-4758-8c38-615519e9deda,,,1976,802540,medium
bands_abba,bands,ABBA,ListenBrainz all-time artists / MusicBrainz,132,d87e52c5-bb8d-4da8-b941-9f4928627dc8,https://musicbrainz.org/artist/d87e52c5-bb8d-4da8-b941-9f4928627dc8,,,1972,795782,short
bands_disturbed,bands,Disturbed,ListenBrainz all-time artists / MusicBrainz,133,4bb4e4e4-5f66-4509-98af-62dbb90c45c5,https://musicbrainz.org/artist/4bb4e4e4-5f66-4509-98af-62dbb90c45c5,,,1996,794533,short
bands_death_cab_for_cutie,bands,Death Cab for Cutie,ListenBrainz all-time artists / MusicBrainz,134,0039c7ae-e1a7-4a7d-9b49-0cbc716821a6,https://musicbrainz.org/artist/0039c7ae-e1a7-4a7d-9b49-0cbc716821a6,,,1997,791056,long
bands_joy_division,bands,Joy Division,ListenBrainz all-time artists / MusicBrainz,135,9a58fda3-f4ed-4080-a3a5-f457aac9fcdd,https://musicbrainz.org/artist/9a58fda3-f4ed-4080-a3a5-f457aac9fcdd,,,1978,788944,medium
bands_beach_house,bands,Beach House,ListenBrainz all-time artists / MusicBrainz,136,d5cc67b8-1cc4-453b-96e8-44487acdebea,https://musicbrainz.org/artist/d5cc67b8-1cc4-453b-96e8-44487acdebea,,,2004,787265,medium
bands_franz_ferdinand,bands,Franz Ferdinand,ListenBrainz all-time artists / MusicBrainz,138,aa7a2827-f74b-473c-bd79-03d065835cf7,https://musicbrainz.org/artist/aa7a2827-f74b-473c-bd79-03d065835cf7,,,2001,782765,medium
bands_creedence_clearwater_revival,bands,Creedence Clearwater Revival,ListenBrainz all-time artists / MusicBrainz,139,109958eb-a335-4c5e-907e-597ff4c6af46,https://musicbrainz.org/artist/109958eb-a335-4c5e-907e-597ff4c6af46,,,1959,777149,medium
bands_death_grips,bands,Death Grips,ListenBrainz all-time artists / MusicBrainz,141,f9133036-ab3d-4e97-bd11-7a2c98ad148a,https://musicbrainz.org/artist/f9133036-ab3d-4e97-bd11-7a2c98ad148a,,,2010,765890,medium
bands_evanescence,bands,Evanescence,ListenBrainz all-time artists / MusicBrainz,142,f4a31f0a-51dd-4fa7-986d-3095c40c5ed9,https://musicbrainz.org/artist/f4a31f0a-51dd-4fa7-986d-3095c40c5ed9,,,1995,765710,short
bands_placebo,bands,Placebo,ListenBrainz all-time artists / MusicBrainz,143,847e8284-8582-4b0e-9c26-b042a4f49e57,https://musicbrainz.org/artist/847e8284-8582-4b0e-9c26-b042a4f49e57,,,1994,761794,short
bands_marilyn_manson,bands,Marilyn Manson,ListenBrainz all-time artists / MusicBrainz,144,5dfdca28-9ddc-4853-933c-8bc97d87beec,https://musicbrainz.org/artist/5dfdca28-9ddc-4853-933c-8bc97d87beec,,,1989,757371,medium
bands_king_gizzard_the_lizard_wizard,bands,King Gizzard & the Lizard Wizard,ListenBrainz all-time artists / MusicBrainz,147,f58384a4-2ad2-4f24-89c5-c7b74ae1cce7,https://musicbrainz.org/artist/f58384a4-2ad2-4f24-89c5-c7b74ae1cce7,,,2010,752108,long
bands_rise_against,bands,Rise Against,ListenBrainz all-time artists / MusicBrainz,148,606bf117-494f-4864-891f-09d63ff6aa4b,https://musicbrainz.org/artist/606bf117-494f-4864-891f-09d63ff6aa4b,,,1999,751212,medium
bands_vampire_weekend,bands,Vampire Weekend,ListenBrainz all-time artists / MusicBrainz,150,af37c51c-0790-4a29-b995-456f98a6b8c9,https://musicbrainz.org/artist/af37c51c-0790-4a29-b995-456f98a6b8c9,,,2006,746945,medium
bands_megadeth,bands,Megadeth,ListenBrainz all-time artists / MusicBrainz,151,a9044915-8be3-4c7e-b11f-9e2d2ea0a91e,https://musicbrainz.org/artist/a9044915-8be3-4c7e-b11f-9e2d2ea0a91e,,,1983,746267,short
bands_altj,bands,alt‐J,ListenBrainz all-time artists / MusicBrainz,153,fc7bbf00-fbaa-4736-986b-b3ac0266ca9b,https://musicbrainz.org/artist/fc7bbf00-fbaa-4736-986b-b3ac0266ca9b,,,2007,740339,short
bands_the_national,bands,The National,ListenBrainz all-time artists / MusicBrainz,154,664c3e0e-42d8-48c1-b209-1efca19c0325,https://musicbrainz.org/artist/664c3e0e-42d8-48c1-b209-1efca19c0325,,,1999,739526,medium
bands_outkast,bands,OutKast,ListenBrainz all-time artists / MusicBrainz,157,73fdb566-a9b1-494c-9f32-51768ec9fd27,https://musicbrainz.org/artist/73fdb566-a9b1-494c-9f32-51768ec9fd27,,,1991,737009,short
bands_justice,bands,Justice,ListenBrainz all-time artists / MusicBrainz,159,860b2707-6153-4e3a-aa57-74d2b42c55b5,https://musicbrainz.org/artist/860b2707-6153-4e3a-aa57-74d2b42c55b5,,,2003,730007,short
bands_the_chemical_brothers,bands,The Chemical Brothers,ListenBrainz all-time artists / MusicBrainz,160,1946a82a-f927-40c2-8235-38d64f50d043,https://musicbrainz.org/artist/1946a82a-f927-40c2-8235-38d64f50d043,,,1989,729052,medium
bands_air,bands,Air,ListenBrainz all-time artists / MusicBrainz,163,cb67438a-7f50-4f2b-a6f1-2bb2729fd538,https://musicbrainz.org/artist/cb67438a-7f50-4f2b-a6f1-2bb2729fd538,,,1995,727228,short
bands_bob_marley_the_wailers,bands,Bob Marley & The Wailers,ListenBrainz all-time artists / MusicBrainz,165,c296e10c-110a-4103-9e77-47bfebb7fb2e,https://musicbrainz.org/artist/c296e10c-110a-4103-9e77-47bfebb7fb2e,,,1970,724135,long
bands_new_order,bands,New Order,ListenBrainz all-time artists / MusicBrainz,166,f1106b17-dcbb-45f6-b938-199ccfab50cc,https://musicbrainz.org/artist/f1106b17-dcbb-45f6-b938-199ccfab50cc,,,1980,723218,medium
bands_the_who,bands,The Who,ListenBrainz all-time artists / MusicBrainz,167,9fdaa16b-a6c4-4831-b87c-bc9ca8ce7eaa,https://musicbrainz.org/artist/9fdaa16b-a6c4-4831-b87c-bc9ca8ce7eaa,,,1964,722012,medium
bands_sigur_ros,bands,Sigur Rós,ListenBrainz all-time artists / MusicBrainz,169,f6f2326f-6b25-4170-b89d-e235b25508e8,https://musicbrainz.org/artist/f6f2326f-6b25-4170-b89d-e235b25508e8,,,1994,718184,medium
bands_nightwish,bands,Nightwish,ListenBrainz all-time artists / MusicBrainz,170,00a9f935-ba93-4fc8-a33a-993abe9c936b,https://musicbrainz.org/artist/00a9f935-ba93-4fc8-a33a-993abe9c936b,,,1996,717288,short
bands_interpol,bands,Interpol,ListenBrainz all-time artists / MusicBrainz,172,b23e8a63-8f47-4882-b55b-df2c92ef400e,https://musicbrainz.org/artist/b23e8a63-8f47-4882-b55b-df2c92ef400e,,,1997,716711,short
bands_crystal_castles,bands,Crystal Castles,ListenBrainz all-time artists / MusicBrainz,173,b1570544-93ab-4b2b-8398-131735394202,https://musicbrainz.org/artist/b1570544-93ab-4b2b-8398-131735394202,,,2006,715112,medium
bands_limp_bizkit,bands,Limp Bizkit,ListenBrainz all-time artists / MusicBrainz,178,8f9d6bb2-dba4-4cca-9967-cc02b9f4820c,https://musicbrainz.org/artist/8f9d6bb2-dba4-4cca-9967-cc02b9f4820c,,,1994,704811,medium
bands_onerepublic,bands,OneRepublic,ListenBrainz all-time artists / MusicBrainz,181,c33c2065-b1c3-4406-b066-d33a9e2ea71a,https://musicbrainz.org/artist/c33c2065-b1c3-4406-b066-d33a9e2ea71a,,,2004,698922,short
bands_kings_of_leon,bands,Kings of Leon,ListenBrainz all-time artists / MusicBrainz,182,6ffb8ea9-2370-44d8-b678-e9237bbd347b,https://musicbrainz.org/artist/6ffb8ea9-2370-44d8-b678-e9237bbd347b,,,1999,696059,medium
bands_the_police,bands,The Police,ListenBrainz all-time artists / MusicBrainz,183,9e0e2b01-41db-4008-bd8b-988977d6019a,https://musicbrainz.org/artist/9e0e2b01-41db-4008-bd8b-988977d6019a,,,1977,692471,medium
bands_aerosmith,bands,Aerosmith,ListenBrainz all-time artists / MusicBrainz,185,3d2b98e5-556f-4451-a3ff-c50ea18d57cb,https://musicbrainz.org/artist/3d2b98e5-556f-4451-a3ff-c50ea18d57cb,,,1970,691484,short
bands_simon_garfunkel,bands,Simon & Garfunkel,ListenBrainz all-time artists / MusicBrainz,193,5d02f264-e225-41ff-83f7-d9b1f0b1874a,https://musicbrainz.org/artist/5d02f264-e225-41ff-83f7-d9b1f0b1874a,,,1963,677723,medium
bands_the_cranberries,bands,The Cranberries,ListenBrainz all-time artists / MusicBrainz,195,c98d40fd-f6cf-4b26-883e-eaa515ee2851,https://musicbrainz.org/artist/c98d40fd-f6cf-4b26-883e-eaa515ee2851,,,1989,676466,medium
bands_soundgarden,bands,Soundgarden,ListenBrainz all-time artists / MusicBrainz,196,153c9281-268f-4cf3-8938-f5a4593e5df4,https://musicbrainz.org/artist/153c9281-268f-4cf3-8938-f5a4593e5df4,,,1984,671792,short
bands_avenged_sevenfold,bands,Avenged Sevenfold,ListenBrainz all-time artists / MusicBrainz,199,24e1b53c-3085-4581-8472-0b0088d2508c,https://musicbrainz.org/artist/24e1b53c-3085-4581-8472-0b0088d2508c,,,1999,663311,medium
bands_royksopp,bands,Röyksopp,ListenBrainz all-time artists / MusicBrainz,203,1c70a3fc-fa3c-4be1-8b55-c3192db8a884,https://musicbrainz.org/artist/1c70a3fc-fa3c-4be1-8b55-c3192db8a884,,,1998,659997,short
bands_sonic_youth,bands,Sonic Youth,ListenBrainz all-time artists / MusicBrainz,206,5cbef01b-cc35-4f52-af7b-d0df0c4f61b9,https://musicbrainz.org/artist/5cbef01b-cc35-4f52-af7b-d0df0c4f61b9,,,1981,654765,medium
bands_cage_the_elephant,bands,Cage the Elephant,ListenBrainz all-time artists / MusicBrainz,207,b41b38d4-ef3e-4f37-8c75-cfe9af999696,https://musicbrainz.org/artist/b41b38d4-ef3e-4f37-8c75-cfe9af999696,,,2006,653215,medium
bands_three_days_grace,bands,Three Days Grace,ListenBrainz all-time artists / MusicBrainz,208,fabb37f8-eb2a-4cc1-a72a-b56935bbb72d,https://musicbrainz.org/artist/fabb37f8-eb2a-4cc1-a72a-b56935bbb72d,,,1997,653148,medium
bands_in_flames,bands,In Flames,ListenBrainz all-time artists / MusicBrainz,211,31745282-b1ea-4d62-939f-226b14d68e7c,https://musicbrainz.org/artist/31745282-b1ea-4d62-939f-226b14d68e7c,,,1990,649651,medium
bands_sum_41,bands,Sum 41,ListenBrainz all-time artists / MusicBrainz,212,f2eef649-a6d5-4114-afba-e50ab26254d2,https://musicbrainz.org/artist/f2eef649-a6d5-4114-afba-e50ab26254d2,,,1996,647306,medium
bands_the_chainsmokers,bands,The Chainsmokers,ListenBrainz all-time artists / MusicBrainz,213,91a81925-92f9-4fc9-b897-93cf01226282,https://musicbrainz.org/artist/91a81925-92f9-4fc9-b897-93cf01226282,,,2012,646666,medium
bands_a_tribe_called_quest,bands,A Tribe Called Quest,ListenBrainz all-time artists / MusicBrainz,217,9689aa5a-4471-4fb4-9721-07cecda0fa9f,https://musicbrainz.org/artist/9689aa5a-4471-4fb4-9721-07cecda0fa9f,,,1985,638723,long
bands_pendulum,bands,Pendulum,ListenBrainz all-time artists / MusicBrainz,218,beff21d3-88c7-4ee0-8b7a-40b6db22c6d7,https://musicbrainz.org/artist/beff21d3-88c7-4ee0-8b7a-40b6db22c6d7,,,2002,635921,short
bands_opeth,bands,Opeth,ListenBrainz all-time artists / MusicBrainz,219,c14b4180-dc87-481e-b17a-64e4150f90f6,https://musicbrainz.org/artist/c14b4180-dc87-481e-b17a-64e4150f90f6,,,1990,624738,short
bands_chvrches,bands,CHVRCHES,ListenBrainz all-time artists / MusicBrainz,220,6a93afbb-257f-4166-b389-9f2a1e5c5df8,https://musicbrainz.org/artist/6a93afbb-257f-4166-b389-9f2a1e5c5df8,,,2011,624476,short
bands_incubus,bands,Incubus,ListenBrainz all-time artists / MusicBrainz,221,e3e0abcd-7671-4482-a9d8-462f5acc9be5,https://musicbrainz.org/artist/e3e0abcd-7671-4482-a9d8-462f5acc9be5,,,1991,622722,short
bands_electric_light_orchestra,bands,Electric Light Orchestra,ListenBrainz all-time artists / MusicBrainz,222,0c502791-4ee9-4c5f-9696-0602b721ff3b,https://musicbrainz.org/artist/0c502791-4ee9-4c5f-9696-0602b721ff3b,,,1970,622567,medium
bands_mogwai,bands,Mogwai,ListenBrainz all-time artists / MusicBrainz,224,d700b3f5-45af-4d02-95ed-57d301bda93e,https://musicbrainz.org/artist/d700b3f5-45af-4d02-95ed-57d301bda93e,,,1995,622216,short
bands_lcd_soundsystem,bands,LCD Soundsystem,ListenBrainz all-time artists / MusicBrainz,227,2aaf7396-6ab8-40f3-9776-a41c42c8e26b,https://musicbrainz.org/artist/2aaf7396-6ab8-40f3-9776-a41c42c8e26b,,,2001,620640,medium
bands_judas_priest,bands,Judas Priest,ListenBrainz all-time artists / MusicBrainz,228,6b335658-22c8-485d-93de-0bc29a1d0349,https://musicbrainz.org/artist/6b335658-22c8-485d-93de-0bc29a1d0349,,,1969,620235,medium
bands_slayer,bands,Slayer,ListenBrainz all-time artists / MusicBrainz,229,bdacc37b-8633-4bf8-9dd5-4662ee651aec,https://musicbrainz.org/artist/bdacc37b-8633-4bf8-9dd5-4662ee651aec,,,1981,620157,short
bands_a_perfect_circle,bands,A Perfect Circle,ListenBrainz all-time artists / MusicBrainz,231,078a9376-3c04-4280-b7d7-b20e158f345d,https://musicbrainz.org/artist/078a9376-3c04-4280-b7d7-b20e158f345d,,,1999,615982,medium
bands_ghost,bands,Ghost,ListenBrainz all-time artists / MusicBrainz,232,2bcf2e02-5bc3-4c76-bf76-41126cb11444,https://musicbrainz.org/artist/2bcf2e02-5bc3-4c76-bf76-41126cb11444,,,2008,612664,short
bands_dream_theater,bands,Dream Theater,ListenBrainz all-time artists / MusicBrainz,233,28503ab7-8bf2-4666-a7bd-2644bfc7cb1d,https://musicbrainz.org/artist/28503ab7-8bf2-4666-a7bd-2644bfc7cb1d,,,1985,611854,medium
bands_bon_jovi,bands,Bon Jovi,ListenBrainz all-time artists / MusicBrainz,234,5dcdb5eb-cb72-4e6e-9e63-b7bace604965,https://musicbrainz.org/artist/5dcdb5eb-cb72-4e6e-9e63-b7bace604965,,,1983,611254,medium
bands_the_velvet_underground,bands,The Velvet Underground,ListenBrainz all-time artists / MusicBrainz,236,94b0fb9d-a066-4823-b2ec-af1d324bcfcf,https://musicbrainz.org/artist/94b0fb9d-a066-4823-b2ec-af1d324bcfcf,,,1964,610526,medium
bands_rush,bands,Rush,ListenBrainz all-time artists / MusicBrainz,238,534ee493-bfac-4575-a44a-0ae41e2c3fe4,https://musicbrainz.org/artist/534ee493-bfac-4575-a44a-0ae41e2c3fe4,,,1968,609903,short
bands_my_bloody_valentine,bands,My Bloody Valentine,ListenBrainz all-time artists / MusicBrainz,239,8ca01f46-53ac-4af2-8516-55a909c0905e,https://musicbrainz.org/artist/8ca01f46-53ac-4af2-8516-55a909c0905e,,,1983,608533,medium
bands_cocteau_twins,bands,Cocteau Twins,ListenBrainz all-time artists / MusicBrainz,240,000fc734-b7e1-4a01-92d1-f544261b43f5,https://musicbrainz.org/artist/000fc734-b7e1-4a01-92d1-f544261b43f5,,,1979,605568,medium
bands_slowdive,bands,Slowdive,ListenBrainz all-time artists / MusicBrainz,243,a16371b9-7d36-497a-a9d4-42b0a0440c5e,https://musicbrainz.org/artist/a16371b9-7d36-497a-a9d4-42b0a0440c5e,,,1989,597720,short
bands_glass_animals,bands,Glass Animals,ListenBrainz all-time artists / MusicBrainz,244,20395131-fbde-43ce-b141-b700cfdae99c,https://musicbrainz.org/artist/20395131-fbde-43ce-b141-b700cfdae99c,,,2010,595618,medium
bands_run_the_jewels,bands,Run the Jewels,ListenBrainz all-time artists / MusicBrainz,246,a80c5dc5-b12e-4667-9f5a-b568961f3839,https://musicbrainz.org/artist/a80c5dc5-b12e-4667-9f5a-b568961f3839,,,2013,591801,medium
bands_nick_cave_the_bad_seeds,bands,Nick Cave & the Bad Seeds,ListenBrainz all-time artists / MusicBrainz,247,172e1f1a-504d-4488-b053-6344ba63e6d0,https://musicbrainz.org/artist/172e1f1a-504d-4488-b053-6344ba63e6d0,,,1983,590061,long
bands_foster_the_people,bands,Foster the People,ListenBrainz all-time artists / MusicBrainz,248,e0e1a584-dd0a-4bd1-88d1-c4c62895039d,https://musicbrainz.org/artist/e0e1a584-dd0a-4bd1-88d1-c4c62895039d,,,2009,588813,medium
bands_papa_roach,bands,Papa Roach,ListenBrainz all-time artists / MusicBrainz,250,c5eb9407-caeb-4303-b383-6929aa94021c,https://musicbrainz.org/artist/c5eb9407-caeb-4303-b383-6929aa94021c,,,1993,580566,medium
bands_two_door_cinema_club,bands,Two Door Cinema Club,ListenBrainz all-time artists / MusicBrainz,251,6f1de078-6684-4792-820d-2ffad64c15ed,https://musicbrainz.org/artist/6f1de078-6684-4792-820d-2ffad64c15ed,,,2007,579914,long
bands_madvillain,bands,Madvillain,ListenBrainz all-time artists / MusicBrainz,252,4e024037-14b7-4aea-99ad-c6ace63b9620,https://musicbrainz.org/artist/4e024037-14b7-4aea-99ad-c6ace63b9620,,,2002,579228,short
bands_mumford_sons,bands,Mumford & Sons,ListenBrainz all-time artists / MusicBrainz,253,c44e9c22-ef82-4a77-9bcd-af6c958446d6,https://musicbrainz.org/artist/c44e9c22-ef82-4a77-9bcd-af6c958446d6,,,2007,579038,medium
bands_bloc_party,bands,Bloc Party,ListenBrainz all-time artists / MusicBrainz,254,8c538f11-c141-4588-8ecb-931083524186,https://musicbrainz.org/artist/8c538f11-c141-4588-8ecb-931083524186,,,1999,576644,medium
bands_yeah_yeah_yeahs,bands,Yeah Yeah Yeahs,ListenBrainz all-time artists / MusicBrainz,261,584c04d2-4acc-491b-8a0a-e63133f4bfc4,https://musicbrainz.org/artist/584c04d2-4acc-491b-8a0a-e63133f4bfc4,,,2000,569454,medium
bands_genesis,bands,Genesis,ListenBrainz all-time artists / MusicBrainz,263,8e3fcd7d-bda1-4ca0-b987-b8528d2ee74e,https://musicbrainz.org/artist/8e3fcd7d-bda1-4ca0-b987-b8528d2ee74e,,,1967,567554,short
bands_black_eyed_peas,bands,Black Eyed Peas,ListenBrainz all-time artists / MusicBrainz,264,d5be5333-4171-427e-8e12-732087c6b78e,https://musicbrainz.org/artist/d5be5333-4171-427e-8e12-732087c6b78e,,,1995,566505,medium
bands_gojira,bands,Gojira,ListenBrainz all-time artists / MusicBrainz,266,1c5efd53-d6b6-4d63-9d22-a15025cf5f07,https://musicbrainz.org/artist/1c5efd53-d6b6-4d63-9d22-a15025cf5f07,,,1996,566046,short
bands_the_flaming_lips,bands,The Flaming Lips,ListenBrainz all-time artists / MusicBrainz,267,1f43d76f-8edf-44f6-aaf1-b65f05ad9402,https://musicbrainz.org/artist/1f43d76f-8edf-44f6-aaf1-b65f05ad9402,,,1983,565471,medium
bands_jamiroquai,bands,Jamiroquai,ListenBrainz all-time artists / MusicBrainz,269,f4857fb9-e255-4dc6-bd01-e4ca7cc68544,https://musicbrainz.org/artist/f4857fb9-e255-4dc6-bd01-e4ca7cc68544,,,1992,560622,short
bands_major_lazer,bands,Major Lazer,ListenBrainz all-time artists / MusicBrainz,270,75be165a-ad83-4d12-bd28-f589a15c479f,https://musicbrainz.org/artist/75be165a-ad83-4d12-bd28-f589a15c479f,,,2008,560519,medium
bands_phoenix,bands,Phoenix,ListenBrainz all-time artists / MusicBrainz,271,8d455809-96b3-4bb6-8829-ea4beb580d35,https://musicbrainz.org/artist/8d455809-96b3-4bb6-8829-ea4beb580d35,,,1999,560356,short
bands_metric,bands,Metric,ListenBrainz all-time artists / MusicBrainz,273,4449ccf6-c948-4d33-aa97-b6ad98ce4b5b,https://musicbrainz.org/artist/4449ccf6-c948-4d33-aa97-b6ad98ce4b5b,,,1998,559383,short
bands_neutral_milk_hotel,bands,Neutral Milk Hotel,ListenBrainz all-time artists / MusicBrainz,275,a506f761-2c22-4b2f-8a94-bd748c2c8f75,https://musicbrainz.org/artist/a506f761-2c22-4b2f-8a94-bd748c2c8f75,,,1989,554876,medium
bands_deep_purple,bands,Deep Purple,ListenBrainz all-time artists / MusicBrainz,276,79491354-3d83-40e3-9d8e-7592d58d790a,https://musicbrainz.org/artist/79491354-3d83-40e3-9d8e-7592d58d790a,,,1968,553744,medium
bands_the_neighbourhood,bands,The Neighbourhood,ListenBrainz all-time artists / MusicBrainz,277,97b8d224-5660-419c-8dff-4b3bf0c33983,https://musicbrainz.org/artist/97b8d224-5660-419c-8dff-4b3bf0c33983,,,2011,552137,medium
bands_van_halen,bands,Van Halen,ListenBrainz all-time artists / MusicBrainz,278,b665b768-0d83-4363-950c-31ed39317c15,https://musicbrainz.org/artist/b665b768-0d83-4363-950c-31ed39317c15,,,1972,550983,medium
bands_twice,bands,TWICE,ListenBrainz all-time artists / MusicBrainz,279,8da127cc-c432-418f-b356-ef36210d82ac,https://musicbrainz.org/artist/8da127cc-c432-418f-b356-ef36210d82ac,,,2015,549300,short
bands_pantera,bands,Pantera,ListenBrainz all-time artists / MusicBrainz,282,541f16f5-ad7a-428e-af89-9fa1b16d3c9c,https://musicbrainz.org/artist/541f16f5-ad7a-428e-af89-9fa1b16d3c9c,,,1982,546905,short
bands_fleet_foxes,bands,Fleet Foxes,ListenBrainz all-time artists / MusicBrainz,283,fa97dd36-1b82-43d7-a6e4-2adeafd59cef,https://musicbrainz.org/artist/fa97dd36-1b82-43d7-a6e4-2adeafd59cef,,,2006,546209,medium
bands_porcupine_tree,bands,Porcupine Tree,ListenBrainz all-time artists / MusicBrainz,284,169c4c28-858e-497b-81a4-8bc15e0026ea,https://musicbrainz.org/artist/169c4c28-858e-497b-81a4-8bc15e0026ea,,,1987,546044,medium
bands_eagles,bands,Eagles,ListenBrainz all-time artists / MusicBrainz,285,f46bd570-5768-462e-b84c-c7c993bbf47e,https://musicbrainz.org/artist/f46bd570-5768-462e-b84c-c7c993bbf47e,,,1971,545097,short
bands_tears_for_fears,bands,Tears for Fears,ListenBrainz all-time artists / MusicBrainz,286,7c7f9c94-dee8-4903-892b-6cf44652e2de,https://musicbrainz.org/artist/7c7f9c94-dee8-4903-892b-6cf44652e2de,,,1981,543168,medium
bands_mastodon,bands,Mastodon,ListenBrainz all-time artists / MusicBrainz,289,bc5e2ad6-0a4a-4d90-b911-e9a7e6861727,https://musicbrainz.org/artist/bc5e2ad6-0a4a-4d90-b911-e9a7e6861727,,,2000,540604,short
bands_brockhampton,bands,BROCKHAMPTON,ListenBrainz all-time artists / MusicBrainz,290,3ac96b4c-4f42-48c8-b793-84dbf54d7ac6,https://musicbrainz.org/artist/3ac96b4c-4f42-48c8-b793-84dbf54d7ac6,,,2015,539348,short
bands_motorhead,bands,Motörhead,ListenBrainz all-time artists / MusicBrainz,291,57961a97-3796-4bf7-9f02-a985a8979ae9,https://musicbrainz.org/artist/57961a97-3796-4bf7-9f02-a985a8979ae9,,,1975,537624,short
bands_wilco,bands,Wilco,ListenBrainz all-time artists / MusicBrainz,292,9e53f84d-ef44-4c16-9677-5fd4d78cbd7d,https://musicbrainz.org/artist/9e53f84d-ef44-4c16-9677-5fd4d78cbd7d,,,1994,536162,short
bands_ramones,bands,Ramones,ListenBrainz all-time artists / MusicBrainz,293,d6ed7887-a401-47a8-893c-34b967444d26,https://musicbrainz.org/artist/d6ed7887-a401-47a8-893c-34b967444d26,,,1974,534337,short
bands_100_gecs,bands,100 gecs,ListenBrainz all-time artists / MusicBrainz,294,d6d45dda-2377-4faa-947b-e071efa085c0,https://musicbrainz.org/artist/d6d45dda-2377-4faa-947b-e071efa085c0,,,2015,533564,medium
bands_the_shins,bands,The Shins,ListenBrainz all-time artists / MusicBrainz,295,6c8b9855-ba8b-48f9-ac1d-42167f7f7b18,https://musicbrainz.org/artist/6c8b9855-ba8b-48f9-ac1d-42167f7f7b18,,,1997,533497,medium
bands_breaking_benjamin,bands,Breaking Benjamin,ListenBrainz all-time artists / MusicBrainz,297,854a1807-025b-42a8-ba8c-2a39717f1d25,https://musicbrainz.org/artist/854a1807-025b-42a8-ba8c-2a39717f1d25,,,1999,530393,medium
bands_jimmy_eat_world,bands,Jimmy Eat World,ListenBrainz all-time artists / MusicBrainz,302,bbc5b66b-d037-4f26-aecf-0b129e7f876a,https://musicbrainz.org/artist/bbc5b66b-d037-4f26-aecf-0b129e7f876a,,,1993,526421,medium
bands_kiss,bands,KISS,ListenBrainz all-time artists / MusicBrainz,306,e1f1e33e-2e4c-4d43-b91b-7064068d3283,https://musicbrainz.org/artist/e1f1e33e-2e4c-4d43-b91b-7064068d3283,,,1973,519806,short
bands_animal_collective,bands,Animal Collective,ListenBrainz all-time artists / MusicBrainz,308,0c751690-c784-4a4f-b1e4-c1de27d47581,https://musicbrainz.org/artist/0c751690-c784-4a4f-b1e4-c1de27d47581,,,2000,517359,medium
bands_the_kinks,bands,The Kinks,ListenBrainz all-time artists / MusicBrainz,310,17b53d9f-5c63-4a09-a593-dde4608e0db9,https://musicbrainz.org/artist/17b53d9f-5c63-4a09-a593-dde4608e0db9,,,1964,516607,medium
bands_audioslave,bands,Audioslave,ListenBrainz all-time artists / MusicBrainz,311,020bfbb4-05c3-4c86-b372-17825c262094,https://musicbrainz.org/artist/020bfbb4-05c3-4c86-b372-17825c262094,,,2001,516529,short
bands_belle_and_sebastian,bands,Belle and Sebastian,ListenBrainz all-time artists / MusicBrainz,313,e5c7b94f-e264-473c-bb0f-37c85d4d5c70,https://musicbrainz.org/artist/e5c7b94f-e264-473c-bb0f-37c85d4d5c70,,,1996,514316,medium
bands_nickelback,bands,Nickelback,ListenBrainz all-time artists / MusicBrainz,314,bc710bcf-8815-42cf-bad2-3f1d12246aeb,https://musicbrainz.org/artist/bc710bcf-8815-42cf-bad2-3f1d12246aeb,,,1995,514027,short
bands_blackpink,bands,BLACKPINK,ListenBrainz all-time artists / MusicBrainz,321,48646387-1664-4c9a-9139-9bfd091b823c,https://musicbrainz.org/artist/48646387-1664-4c9a-9139-9bfd091b823c,,,2016,506194,short
bands_king_crimson,bands,King Crimson,ListenBrainz all-time artists / MusicBrainz,322,b38225b8-8e5f-42aa-bcdc-7bae5b5bdab3,https://musicbrainz.org/artist/b38225b8-8e5f-42aa-bcdc-7bae5b5bdab3,,,1968,506183,medium
bands_the_1975,bands,The 1975,ListenBrainz all-time artists / MusicBrainz,323,5b6ebfe0-f72b-4902-bba9-74c8af0f1af0,https://musicbrainz.org/artist/5b6ebfe0-f72b-4902-bba9-74c8af0f1af0,,,2002,505234,medium
bands_the_avalanches,bands,The Avalanches,ListenBrainz all-time artists / MusicBrainz,333,a6623d39-2d8e-4f70-8242-0a9553b91e50,https://musicbrainz.org/artist/a6623d39-2d8e-4f70-8242-0a9553b91e50,,,1997,493922,medium
bands_foals,bands,Foals,ListenBrainz all-time artists / MusicBrainz,336,6a65d878-fcd0-42cf-aff9-ca1d636a8bcc,https://musicbrainz.org/artist/6a65d878-fcd0-42cf-aff9-ca1d636a8bcc,,,2005,490138,short
bands_sabaton,bands,Sabaton,ListenBrainz all-time artists / MusicBrainz,337,39a31de6-763d-48b6-a45c-f7cfad58ffd8,https://musicbrainz.org/artist/39a31de6-763d-48b6-a45c-f7cfad58ffd8,,,1999,487016,short
bands_faith_no_more,bands,Faith No More,ListenBrainz all-time artists / MusicBrainz,338,b15ebd71-a252-417d-9e1c-3e6863da68f8,https://musicbrainz.org/artist/b15ebd71-a252-417d-9e1c-3e6863da68f8,,,1983,486368,medium
bands_bastille,bands,Bastille,ListenBrainz all-time artists / MusicBrainz,344,7808accb-6395-4b25-858c-678bbb73896b,https://musicbrainz.org/artist/7808accb-6395-4b25-858c-678bbb73896b,,,2010,483452,short
bands_scorpions,bands,Scorpions,ListenBrainz all-time artists / MusicBrainz,353,c3cceeed-3332-4cf0-8c4c-bbde425147b6,https://musicbrainz.org/artist/c3cceeed-3332-4cf0-8c4c-bbde425147b6,,,1965,474582,short
bands_bad_religion,bands,Bad Religion,ListenBrainz all-time artists / MusicBrainz,354,149e6720-4e4a-41a4-afca-6d29083fc091,https://musicbrainz.org/artist/149e6720-4e4a-41a4-afca-6d29083fc091,,,1980,474510,medium
bands_thirty_seconds_to_mars,bands,Thirty Seconds to Mars,ListenBrainz all-time artists / MusicBrainz,355,d8354b38-e942-4c89-ba93-29323432abc3,https://musicbrainz.org/artist/d8354b38-e942-4c89-ba93-29323432abc3,,,1998,473258,long
bands_yes,bands,Yes,ListenBrainz all-time artists / MusicBrainz,359,c1d4f2ba-cf39-460c-9528-6b827d3417a1,https://musicbrainz.org/artist/c1d4f2ba-cf39-460c-9528-6b827d3417a1,,,1968,471564,short
bands_duran_duran,bands,Duran Duran,ListenBrainz all-time artists / MusicBrainz,360,1a1cd7f3-e5df-4eca-bae2-2757c9e656b5,https://musicbrainz.org/artist/1a1cd7f3-e5df-4eca-bae2-2757c9e656b5,,,1978,471455,medium
bands_cake,bands,CAKE,ListenBrainz all-time artists / MusicBrainz,361,fa7b9055-3703-473a-8a09-adf2fe031a24,https://musicbrainz.org/artist/fa7b9055-3703-473a-8a09-adf2fe031a24,,,1992,470961,short
bands_magdalena_bay,bands,Magdalena Bay,ListenBrainz all-time artists / MusicBrainz,362,68c261d5-48c8-4ea9-9466-9fc908dc79bb,https://musicbrainz.org/artist/68c261d5-48c8-4ea9-9466-9fc908dc79bb,,,2016,469624,medium
bands_babymetal,bands,BABYMETAL,ListenBrainz all-time artists / MusicBrainz,363,27e2997f-f7a1-4353-bcc4-57b9274fa9a4,https://musicbrainz.org/artist/27e2997f-f7a1-4353-bcc4-57b9274fa9a4,,,2010,469545,short
bands_steely_dan,bands,Steely Dan,ListenBrainz all-time artists / MusicBrainz,366,e01c3376-15fa-40d7-b747-5f219bdefdd7,https://musicbrainz.org/artist/e01c3376-15fa-40d7-b747-5f219bdefdd7,,,1972,466752,medium
bands_within_temptation,bands,Within Temptation,ListenBrainz all-time artists / MusicBrainz,368,eace2373-31c8-4aba-9a5c-7bce22dd140a,https://musicbrainz.org/artist/eace2373-31c8-4aba-9a5c-7bce22dd140a,,,1995,462958,medium
bands_garbage,bands,Garbage,ListenBrainz all-time artists / MusicBrainz,369,f9ef7a22-4262-4596-a2a8-1d19345b8e50,https://musicbrainz.org/artist/f9ef7a22-4262-4596-a2a8-1d19345b8e50,,,1994,461497,short
bands_car_seat_headrest,bands,Car Seat Headrest,ListenBrainz all-time artists / MusicBrainz,371,0fabbc1d-8d94-4a61-bd1d-1099ad1e4559,https://musicbrainz.org/artist/0fabbc1d-8d94-4a61-bd1d-1099ad1e4559,,,2010,460265,medium
bands_ratatat,bands,Ratatat,ListenBrainz all-time artists / MusicBrainz,375,f467181e-d5e0-4285-b47e-e853dcc89ee7,https://musicbrainz.org/artist/f467181e-d5e0-4285-b47e-e853dcc89ee7,,,2001,456880,short
bands_toto,bands,Toto,ListenBrainz all-time artists / MusicBrainz,377,aab5c954-cabe-432e-899e-1c4f99757327,https://musicbrainz.org/artist/aab5c954-cabe-432e-899e-1c4f99757327,,,1977,454976,short
bands_bullet_for_my_valentine,bands,Bullet for My Valentine,ListenBrainz all-time artists / MusicBrainz,379,d530dbf9-69b1-404f-98f2-0431104f5a1e,https://musicbrainz.org/artist/d530dbf9-69b1-404f-98f2-0431104f5a1e,,,2003,451790,long
bands_portugal_the_man,bands,Portugal. The Man,ListenBrainz all-time artists / MusicBrainz,380,3599a39e-4e10-4cb5-90d4-c8a015ebc73b,https://musicbrainz.org/artist/3599a39e-4e10-4cb5-90d4-c8a015ebc73b,,,2004,451003,medium
bands_disclosure,bands,Disclosure,ListenBrainz all-time artists / MusicBrainz,381,ae65c507-d9a0-4d42-9a6c-2b1f82158b9f,https://musicbrainz.org/artist/ae65c507-d9a0-4d42-9a6c-2b1f82158b9f,,,2010,448743,short
bands_kraftwerk,bands,Kraftwerk,ListenBrainz all-time artists / MusicBrainz,383,5700dcd4-c139-4f31-aa3e-6382b9af9032,https://musicbrainz.org/artist/5700dcd4-c139-4f31-aa3e-6382b9af9032,,,1970,446532,short
bands_infected_mushroom,bands,Infected Mushroom,ListenBrainz all-time artists / MusicBrainz,384,eab76c9f-ff91-4431-b6dd-3b976c598020,https://musicbrainz.org/artist/eab76c9f-ff91-4431-b6dd-3b976c598020,,,1996,446079,medium
bands_pavement,bands,Pavement,ListenBrainz all-time artists / MusicBrainz,387,36bfa85f-737b-41db-a8fc-b8825850ffc3,https://musicbrainz.org/artist/36bfa85f-737b-41db-a8fc-b8825850ffc3,,,1989,443671,short
bands_stone_temple_pilots,bands,Stone Temple Pilots,ListenBrainz all-time artists / MusicBrainz,388,8c32bb01-58a3-453b-8050-8c0620edb0e5,https://musicbrainz.org/artist/8c32bb01-58a3-453b-8050-8c0620edb0e5,,,1990,443338,medium
bands_five_finger_death_punch,bands,Five Finger Death Punch,ListenBrainz all-time artists / MusicBrainz,389,7e8571b1-7c5a-4739-bc51-73d422ee9d74,https://musicbrainz.org/artist/7e8571b1-7c5a-4739-bc51-73d422ee9d74,,,2005,441833,long
bands_blondie,bands,Blondie,ListenBrainz all-time artists / MusicBrainz,391,4d2956d1-a3f7-44bb-9a41-67563e1a0c94,https://musicbrainz.org/artist/4d2956d1-a3f7-44bb-9a41-67563e1a0c94,,,1974,440403,short
bands_of_monsters_and_men,bands,Of Monsters and Men,ListenBrainz all-time artists / MusicBrainz,392,9e103f85-7af7-41d7-b83b-49ba8f0c5abf,https://musicbrainz.org/artist/9e103f85-7af7-41d7-b83b-49ba8f0c5abf,,,2010,440209,long
bands_snow_patrol,bands,Snow Patrol,ListenBrainz all-time artists / MusicBrainz,399,a66999a7-ae5c-460e-ba94-1a01143ae847,https://musicbrainz.org/artist/a66999a7-ae5c-460e-ba94-1a01143ae847,,,1994,434244,medium
bands_billy_talent,bands,Billy Talent,ListenBrainz all-time artists / MusicBrainz,402,fd429857-5ace-4609-ae54-1502c3bdac11,https://musicbrainz.org/artist/fd429857-5ace-4609-ae54-1502c3bdac11,,,1993,431366,medium
bands_tenacious_d,bands,Tenacious D,ListenBrainz all-time artists / MusicBrainz,403,148ddea2-6839-4354-8e2c-5dfadf136b7f,https://musicbrainz.org/artist/148ddea2-6839-4354-8e2c-5dfadf136b7f,,,1994,430923,medium
bands_pet_shop_boys,bands,Pet Shop Boys,ListenBrainz all-time artists / MusicBrainz,405,be540c02-7898-4b79-9acc-c8122c7d9e83,https://musicbrainz.org/artist/be540c02-7898-4b79-9acc-c8122c7d9e83,,,1981,430095,medium
bands_supertramp,bands,Supertramp,ListenBrainz all-time artists / MusicBrainz,407,d2ff6b6b-fc30-48dc-8952-06f9d8fc64f8,https://musicbrainz.org/artist/d2ff6b6b-fc30-48dc-8952-06f9d8fc64f8,,,1969,429591,short
bands_uicideboy,bands,$uicideboy$,ListenBrainz all-time artists / MusicBrainz,410,ef326b3d-61f0-4379-aca0-21237d696d63,https://musicbrainz.org/artist/ef326b3d-61f0-4379-aca0-21237d696d63,,,2013,428989,short
bands_wutang_clan,bands,Wu‐Tang Clan,ListenBrainz all-time artists / MusicBrainz,412,0febdcf7-4e1f-4661-9493-b40427de2c13,https://musicbrainz.org/artist/0febdcf7-4e1f-4661-9493-b40427de2c13,,,1992,428663,medium
bands_spoon,bands,Spoon,ListenBrainz all-time artists / MusicBrainz,416,84eac621-1c5a-49a1-9500-555099c6e184,https://musicbrainz.org/artist/84eac621-1c5a-49a1-9500-555099c6e184,,,1994,424653,short
bands_men_i_trust,bands,Men I Trust,ListenBrainz all-time artists / MusicBrainz,417,25ab7547-a4d2-480b-b028-c7f3497bc858,https://musicbrainz.org/artist/25ab7547-a4d2-480b-b028-c7f3497bc858,,,2014,424118,medium
bands_kasabian,bands,Kasabian,ListenBrainz all-time artists / MusicBrainz,422,69b39eab-6577-46a4-a9f5-817839092033,https://musicbrainz.org/artist/69b39eab-6577-46a4-a9f5-817839092033,,,1997,419463,short
bands_lynyrd_skynyrd,bands,Lynyrd Skynyrd,ListenBrainz all-time artists / MusicBrainz,423,c544ed4d-2390-4442-a83e-1ea2883b09c8,https://musicbrainz.org/artist/c544ed4d-2390-4442-a83e-1ea2883b09c8,,,1964,418451,medium
bands_swans,bands,Swans,ListenBrainz all-time artists / MusicBrainz,424,3285dc48-9505-469d-ad8a-bdf2d3dba632,https://musicbrainz.org/artist/3285dc48-9505-469d-ad8a-bdf2d3dba632,,,1982,417916,short
bands_de_la_soul,bands,De La Soul,ListenBrainz all-time artists / MusicBrainz,425,a8ebde98-7e91-46c7-992c-90039ba42017,https://musicbrainz.org/artist/a8ebde98-7e91-46c7-992c-90039ba42017,,,1987,417535,medium
bands_a_day_to_remember,bands,A Day to Remember,ListenBrainz all-time artists / MusicBrainz,428,db008806-16f6-48fc-8521-3d953709689d,https://musicbrainz.org/artist/db008806-16f6-48fc-8521-3d953709689d,,,2003,416001,long
bands_khruangbin,bands,Khruangbin,ListenBrainz all-time artists / MusicBrainz,430,aea4c9b9-9f8d-49dc-b2ca-57d6f26e8634,https://musicbrainz.org/artist/aea4c9b9-9f8d-49dc-b2ca-57d6f26e8634,,,2004,414607,short
bands_eels,bands,EELS,ListenBrainz all-time artists / MusicBrainz,432,14387b0f-765c-4852-852f-135335790466,https://musicbrainz.org/artist/14387b0f-765c-4852-852f-135335790466,,,1995,413180,short
bands_cigarettes_after_sex,bands,Cigarettes After Sex,ListenBrainz all-time artists / MusicBrainz,435,34557d8f-ee4a-44ab-ae6e-49bb8ac604d0,https://musicbrainz.org/artist/34557d8f-ee4a-44ab-ae6e-49bb8ac604d0,,,2008,412912,medium
bands_caravan_palace,bands,Caravan Palace,ListenBrainz all-time artists / MusicBrainz,436,72eabb1a-4d2c-4de6-90f2-671b2cada42b,https://musicbrainz.org/artist/72eabb1a-4d2c-4de6-90f2-671b2cada42b,,,2005,412801,medium
bands_explosions_in_the_sky,bands,Explosions in the Sky,ListenBrainz all-time artists / MusicBrainz,437,4236acde-2ce2-441c-a3d4-38d55f1b5474,https://musicbrainz.org/artist/4236acde-2ce2-441c-a3d4-38d55f1b5474,,,1999,412716,long
bands_journey,bands,Journey,ListenBrainz all-time artists / MusicBrainz,438,abd506e1-6f2b-4d6f-b937-92c267f6f88b,https://musicbrainz.org/artist/abd506e1-6f2b-4d6f-b937-92c267f6f88b,,,1973,411912,short
bands_sepultura,bands,Sepultura,ListenBrainz all-time artists / MusicBrainz,442,1d93c839-22e7-4f76-ad84-d27039efc048,https://musicbrainz.org/artist/1d93c839-22e7-4f76-ad84-d27039efc048,,,1984,407881,short
bands_autechre,bands,Autechre,ListenBrainz all-time artists / MusicBrainz,443,410c9baf-5469-44f6-9852-826524b80c61,https://musicbrainz.org/artist/410c9baf-5469-44f6-9852-826524b80c61,,,1991,407564,short
bands_the_mars_volta,bands,The Mars Volta,ListenBrainz all-time artists / MusicBrainz,446,20883363-1ea4-4d72-ad72-c0e767038f3e,https://musicbrainz.org/artist/20883363-1ea4-4d72-ad72-c0e767038f3e,,,2001,406689,medium
bands_thievery_corporation,bands,Thievery Corporation,ListenBrainz all-time artists / MusicBrainz,448,a505bb48-ad65-4af4-ae47-29149715bff9,https://musicbrainz.org/artist/a505bb48-ad65-4af4-ae47-29149715bff9,,,1995,405178,medium
bands_sublime,bands,Sublime,ListenBrainz all-time artists / MusicBrainz,449,95f5b748-d370-47fe-85bd-0af2dc450bc0,https://musicbrainz.org/artist/95f5b748-d370-47fe-85bd-0af2dc450bc0,,,1986,404519,short
bands_amon_amarth,bands,Amon Amarth,ListenBrainz all-time artists / MusicBrainz,453,5b687684-ad34-4a9f-b425-0e7aa81fbd38,https://musicbrainz.org/artist/5b687684-ad34-4a9f-b425-0e7aa81fbd38,,,1992,402781,medium
bands_big_thief,bands,Big Thief,ListenBrainz all-time artists / MusicBrainz,456,9f81247f-7f57-42f3-a8ba-75bef554e591,https://musicbrainz.org/artist/9f81247f-7f57-42f3-a8ba-75bef554e591,,,2015,399658,medium
bands_yo_la_tengo,bands,Yo La Tengo,ListenBrainz all-time artists / MusicBrainz,457,3f542031-b054-454d-b57b-812fa2a81b11,https://musicbrainz.org/artist/3f542031-b054-454d-b57b-812fa2a81b11,,,1984,399541,medium
bands_daryl_hall_john_oates,bands,Daryl Hall & John Oates,ListenBrainz all-time artists / MusicBrainz,462,debabff3-2559-46e5-862d-ef2a906d7010,https://musicbrainz.org/artist/debabff3-2559-46e5-862d-ef2a906d7010,,,1967,397470,long
bands_the_kooks,bands,The Kooks,ListenBrainz all-time artists / MusicBrainz,464,f82f3a3e-29c2-42ca-b589-bc5dc210fa9e,https://musicbrainz.org/artist/f82f3a3e-29c2-42ca-b589-bc5dc210fa9e,,,2004,397320,medium
bands_the_decemberists,bands,The Decemberists,ListenBrainz all-time artists / MusicBrainz,465,97b1142f-c71e-4971-8736-4a8ceaf6b4c3,https://musicbrainz.org/artist/97b1142f-c71e-4971-8736-4a8ceaf6b4c3,,,2000,396813,medium
bands_tv_girl,bands,TV Girl,ListenBrainz all-time artists / MusicBrainz,470,38f0c7ac-46eb-49ca-b3ab-c785ccd05a60,https://musicbrainz.org/artist/38f0c7ac-46eb-49ca-b3ab-c785ccd05a60,,,2010,393678,medium
bands_3_doors_down,bands,3 Doors Down,ListenBrainz all-time artists / MusicBrainz,471,2386cd66-e923-4e8e-bf14-2eebe2e9b973,https://musicbrainz.org/artist/2386cd66-e923-4e8e-bf14-2eebe2e9b973,,,1996,393228,medium
bands_no_doubt,bands,No Doubt,ListenBrainz all-time artists / MusicBrainz,472,fbd2a255-1d57-4d31-ac11-65b671c19958,https://musicbrainz.org/artist/fbd2a255-1d57-4d31-ac11-65b671c19958,,,1986,392576,medium
bands_fugazi,bands,Fugazi,ListenBrainz all-time artists / MusicBrainz,473,233fc3f3-6de2-465c-985e-e721dbabbace,https://musicbrainz.org/artist/233fc3f3-6de2-465c-985e-e721dbabbace,,,1986,392404,short
bands_blind_guardian,bands,Blind Guardian,ListenBrainz all-time artists / MusicBrainz,474,7fa7fc04-1011-4876-8095-ecd232edea87,https://musicbrainz.org/artist/7fa7fc04-1011-4876-8095-ecd232edea87,,,1984,392284,medium
bands_zz_top,bands,ZZ Top,ListenBrainz all-time artists / MusicBrainz,476,a81259a0-a2f5-464b-866e-71220f2739f1,https://musicbrainz.org/artist/a81259a0-a2f5-464b-866e-71220f2739f1,,,1969,392253,medium
bands_haim,bands,HAIM,ListenBrainz all-time artists / MusicBrainz,480,aef06569-098f-4218-a577-b413944d9493,https://musicbrainz.org/artist/aef06569-098f-4218-a577-b413944d9493,,,2006,390584,short
bands_santana,bands,Santana,ListenBrainz all-time artists / MusicBrainz,486,9a3bf45c-347d-4630-894d-7cf3e8e0b632,https://musicbrainz.org/artist/9a3bf45c-347d-4630-894d-7cf3e8e0b632,,,1966,387731,short
bands_red_velvet,bands,Red Velvet,ListenBrainz all-time artists / MusicBrainz,490,4f0cb3b7-6c06-4317-ae35-ddf3106a17ee,https://musicbrainz.org/artist/4f0cb3b7-6c06-4317-ae35-ddf3106a17ee,,,2014,387264,medium
bands_sleep_token,bands,Sleep Token,ListenBrainz all-time artists / MusicBrainz,491,775ad383-ac2d-479a-af9d-b561442cb749,https://musicbrainz.org/artist/775ad383-ac2d-479a-af9d-b561442cb749,,,2016,386700,medium
bands_jethro_tull,bands,Jethro Tull,ListenBrainz all-time artists / MusicBrainz,492,ece57992-dc2e-4f67-a269-fa43626c1a3d,https://musicbrainz.org/artist/ece57992-dc2e-4f67-a269-fa43626c1a3d,,,1967,385785,medium
bands_aha,bands,a‐ha,ListenBrainz all-time artists / MusicBrainz,495,7364dea6-ca9a-48e3-be01-b44ad0d19897,https://musicbrainz.org/artist/7364dea6-ca9a-48e3-be01-b44ad0d19897,,,1983,384380,short
bands_kero_kero_bonito,bands,Kero Kero Bonito,ListenBrainz all-time artists / MusicBrainz,496,5e284bdc-3774-41dc-b5e2-b125d0349acf,https://musicbrainz.org/artist/5e284bdc-3774-41dc-b5e2-b125d0349acf,,,2011,383959,medium
bands_keane,bands,Keane,ListenBrainz all-time artists / MusicBrainz,499,c7020c6d-cae9-4db3-92a7-e5c561cbad50,https://musicbrainz.org/artist/c7020c6d-cae9-4db3-92a7-e5c561cbad50,,,1995,383789,short
bands_architects,bands,Architects,ListenBrainz all-time artists / MusicBrainz,501,05dffdbe-dc6e-4c8d-a075-50a09c4cb45c,https://musicbrainz.org/artist/05dffdbe-dc6e-4c8d-a075-50a09c4cb45c,,,2004,382363,short
bands_grizzly_bear,bands,Grizzly Bear,ListenBrainz all-time artists / MusicBrainz,504,59a7fbcb-ff74-494d-abd0-9c82359040c9,https://musicbrainz.org/artist/59a7fbcb-ff74-494d-abd0-9c82359040c9,,,2002,381770,medium
bands_earth_wind_fire,bands,"Earth, Wind & Fire",ListenBrainz all-time artists / MusicBrainz,506,535afeda-2538-435d-9dd1-5e10be586774,https://musicbrainz.org/artist/535afeda-2538-435d-9dd1-5e10be586774,,,1969,379221,long
bands_katatonia,bands,Katatonia,ListenBrainz all-time artists / MusicBrainz,507,61ed9c9c-79eb-4e8f-8015-bd599ac0ab49,https://musicbrainz.org/artist/61ed9c9c-79eb-4e8f-8015-bd599ac0ab49,,,1991,378816,short
bands_mother_mother,bands,Mother Mother,ListenBrainz all-time artists / MusicBrainz,508,69681b02-05b8-4685-80cb-e98983b7a96f,https://musicbrainz.org/artist/69681b02-05b8-4685-80cb-e98983b7a96f,,,2005,378731,medium
bands_skillet,bands,Skillet,ListenBrainz all-time artists / MusicBrainz,509,16a43d5e-c52d-4eaa-9c3b-00b2c1d8e816,https://musicbrainz.org/artist/16a43d5e-c52d-4eaa-9c3b-00b2c1d8e816,,,1996,377517,short
bands_seether,bands,Seether,ListenBrainz all-time artists / MusicBrainz,511,fbcd7b29-455f-49e6-9c4f-8249d20a055e,https://musicbrainz.org/artist/fbcd7b29-455f-49e6-9c4f-8249d20a055e,,,1999,375300,short
bands_apocalyptica,bands,Apocalyptica,ListenBrainz all-time artists / MusicBrainz,513,788ad31c-bf0c-4a31-83f8-b8b130d79c76,https://musicbrainz.org/artist/788ad31c-bf0c-4a31-83f8-b8b130d79c76,,,1993,374375,short
bands_they_might_be_giants,bands,They Might Be Giants,ListenBrainz all-time artists / MusicBrainz,515,183d6ef6-e161-47ff-9085-063c8b897e97,https://musicbrainz.org/artist/183d6ef6-e161-47ff-9085-063c8b897e97,,,1982,373652,long
bands_beirut,bands,Beirut,ListenBrainz all-time artists / MusicBrainz,516,0af78501-5647-4c18-9a0d-66ac8789e13b,https://musicbrainz.org/artist/0af78501-5647-4c18-9a0d-66ac8789e13b,,,2006,373146,short
bands_brand_new,bands,Brand New,ListenBrainz all-time artists / MusicBrainz,518,9311e2bc-bb3f-44cf-90d8-b1fe6912b60b,https://musicbrainz.org/artist/9311e2bc-bb3f-44cf-90d8-b1fe6912b60b,,,2000,372031,medium
bands_all_time_low,bands,All Time Low,ListenBrainz all-time artists / MusicBrainz,519,62162215-b023-4f0e-84bd-1e9412d5b32c,https://musicbrainz.org/artist/62162215-b023-4f0e-84bd-1e9412d5b32c,,,2003,370283,medium
bands_tv_on_the_radio,bands,TV on the Radio,ListenBrainz all-time artists / MusicBrainz,521,eb872766-98f6-453d-883f-2ae908a18315,https://musicbrainz.org/artist/eb872766-98f6-453d-883f-2ae908a18315,,,2001,369262,long
bands_machine_girl,bands,Machine Girl,ListenBrainz all-time artists / MusicBrainz,522,c7df5ec5-380a-40f9-856f-28fb4a33d946,https://musicbrainz.org/artist/c7df5ec5-380a-40f9-856f-28fb4a33d946,,,2012,368980,medium
bands_bee_gees,bands,Bee Gees,ListenBrainz all-time artists / MusicBrainz,523,bf0f7e29-dfe1-416c-b5c6-f9ebc19ea810,https://musicbrainz.org/artist/bf0f7e29-dfe1-416c-b5c6-f9ebc19ea810,,,1958,368740,medium
bands_passion_pit,bands,Passion Pit,ListenBrainz all-time artists / MusicBrainz,524,daeec599-bf5d-4428-994a-e76ba5f86e2f,https://musicbrainz.org/artist/daeec599-bf5d-4428-994a-e76ba5f86e2f,,,2007,367860,medium
bands_royal_blood,bands,Royal Blood,ListenBrainz all-time artists / MusicBrainz,525,aa62b28e-b6d4-4086-91d4-e5fac1ed56f3,https://musicbrainz.org/artist/aa62b28e-b6d4-4086-91d4-e5fac1ed56f3,,,2013,367769,medium
bands_morcheeba,bands,Morcheeba,ListenBrainz all-time artists / MusicBrainz,528,067102ea-9519-4622-9077-57ca4164cfbb,https://musicbrainz.org/artist/067102ea-9519-4622-9077-57ca4164cfbb,,,1995,366560,short
bands_nofx,bands,NOFX,ListenBrainz all-time artists / MusicBrainz,531,dcaa4f81-bfb7-44eb-8594-4e74f004b6e4,https://musicbrainz.org/artist/dcaa4f81-bfb7-44eb-8594-4e74f004b6e4,,,1983,365670,short
bands_bright_eyes,bands,Bright Eyes,ListenBrainz all-time artists / MusicBrainz,533,78f797e3-4913-4026-aad0-1cd858bd735b,https://musicbrainz.org/artist/78f797e3-4913-4026-aad0-1cd858bd735b,,,1995,364429,medium
bands_lamb_of_god,bands,Lamb of God,ListenBrainz all-time artists / MusicBrainz,534,298909e4-ebcb-47b8-95e9-cc53b087fc65,https://musicbrainz.org/artist/298909e4-ebcb-47b8-95e9-cc53b087fc65,,,1999,363056,medium
bands_empire_of_the_sun,bands,Empire of the Sun,ListenBrainz all-time artists / MusicBrainz,535,ac7e838c-3d95-47c2-92a9-81767ad7c217,https://musicbrainz.org/artist/ac7e838c-3d95-47c2-92a9-81767ad7c217,,,2006,362898,long
bands_odesza,bands,ODESZA,ListenBrainz all-time artists / MusicBrainz,536,2e222fce-02ae-4221-b1c6-3c3242b423b6,https://musicbrainz.org/artist/2e222fce-02ae-4221-b1c6-3c3242b423b6,,,2012,362811,short
bands_afi,bands,AFI,ListenBrainz all-time artists / MusicBrainz,537,1c3919b2-43ca-4a4a-935d-9d50135ec0ef,https://musicbrainz.org/artist/1c3919b2-43ca-4a4a-935d-9d50135ec0ef,,,1991,362701,short
bands_death,bands,Death,ListenBrainz all-time artists / MusicBrainz,540,dbb3b771-ae77-4381-b61c-758b5b7898ec,https://musicbrainz.org/artist/dbb3b771-ae77-4381-b61c-758b5b7898ec,,,1984,362414,short
bands_stereolab,bands,Stereolab,ListenBrainz all-time artists / MusicBrainz,544,f1df0431-9250-4ec8-95d8-f19ce7cf7fb6,https://musicbrainz.org/artist/f1df0431-9250-4ec8-95d8-f19ce7cf7fb6,,,1990,361859,short
bands_ween,bands,Ween,ListenBrainz all-time artists / MusicBrainz,546,c0eee88b-47f2-4cd2-ac48-a045e902a432,https://musicbrainz.org/artist/c0eee88b-47f2-4cd2-ac48-a045e902a432,,,1984,360168,short
bands_the_knife,bands,The Knife,ListenBrainz all-time artists / MusicBrainz,548,bf710b71-48e5-4e15-9bd6-96debb2e4e98,https://musicbrainz.org/artist/bf710b71-48e5-4e15-9bd6-96debb2e4e98,,,1999,359070,medium
bands_clean_bandit,bands,Clean Bandit,ListenBrainz all-time artists / MusicBrainz,549,dacc2d64-7e59-42a8-87a9-10c53919aff2,https://musicbrainz.org/artist/dacc2d64-7e59-42a8-87a9-10c53919aff2,,,2008,358738,medium
bands_shinedown,bands,Shinedown,ListenBrainz all-time artists / MusicBrainz,551,adc0f033-95c2-4e0b-87bc-c23ed3f26ce6,https://musicbrainz.org/artist/adc0f033-95c2-4e0b-87bc-c23ed3f26ce6,,,2001,357923,short
bands_godspeed_you_black_emperor,bands,Godspeed You! Black Emperor,ListenBrainz all-time artists / MusicBrainz,553,3648db01-b29d-4ab9-835c-83f6a5068fe4,https://musicbrainz.org/artist/3648db01-b29d-4ab9-835c-83f6a5068fe4,,,1994,356263,long
bands_broken_social_scene,bands,Broken Social Scene,ListenBrainz all-time artists / MusicBrainz,554,2eada8f8-056a-4093-bbc2-004909ce743b,https://musicbrainz.org/artist/2eada8f8-056a-4093-bbc2-004909ce743b,,,1999,356224,medium
bands_the_mountain_goats,bands,The Mountain Goats,ListenBrainz all-time artists / MusicBrainz,557,9639cd52-c351-4a17-9797-58880e95a7ef,https://musicbrainz.org/artist/9639cd52-c351-4a17-9797-58880e95a7ef,,,1991,355567,medium
bands_killswitch_engage,bands,Killswitch Engage,ListenBrainz all-time artists / MusicBrainz,559,8295ee00-0096-461d-95c7-c2263d2a4c6d,https://musicbrainz.org/artist/8295ee00-0096-461d-95c7-c2263d2a4c6d,,,1999,354234,medium
bands_the_lumineers,bands,The Lumineers,ListenBrainz all-time artists / MusicBrainz,562,bfcb6630-9b31-4e63-b11f-7b0363be72b5,https://musicbrainz.org/artist/bfcb6630-9b31-4e63-b11f-7b0363be72b5,,,2008,353299,medium
bands_sade,bands,Sade,ListenBrainz all-time artists / MusicBrainz,563,67930b3e-e00b-469f-8c74-fd69f20522ec,https://musicbrainz.org/artist/67930b3e-e00b-469f-8c74-fd69f20522ec,,,1982,353243,short
bands_trivium,bands,Trivium,ListenBrainz all-time artists / MusicBrainz,564,1f5ff245-2837-4d4a-a609-e93e544478c3,https://musicbrainz.org/artist/1f5ff245-2837-4d4a-a609-e93e544478c3,,,2000,353003,short
bands_arch_enemy,bands,Arch Enemy,ListenBrainz all-time artists / MusicBrainz,565,e631bb92-3e2b-43e3-a2cb-b605e2fb53bd,https://musicbrainz.org/artist/e631bb92-3e2b-43e3-a2cb-b605e2fb53bd,,,1996,352665,medium
bands_the_cardigans,bands,The Cardigans,ListenBrainz all-time artists / MusicBrainz,566,3e55d51d-687f-4a9d-af96-2fabccf802e5,https://musicbrainz.org/artist/3e55d51d-687f-4a9d-af96-2fabccf802e5,,,1992,352151,medium
bands_ajr,bands,AJR,ListenBrainz all-time artists / MusicBrainz,567,2eb55bd9-cfbf-44fd-a5da-92dd825284c7,https://musicbrainz.org/artist/2eb55bd9-cfbf-44fd-a5da-92dd825284c7,,,2006,351876,short
bands_metronomy,bands,Metronomy,ListenBrainz all-time artists / MusicBrainz,571,93eb7110-0bc9-4d3f-816b-4b52ef982ec8,https://musicbrainz.org/artist/93eb7110-0bc9-4d3f-816b-4b52ef982ec8,,,1999,349689,short
bands_hot_chip,bands,Hot Chip,ListenBrainz all-time artists / MusicBrainz,572,d8915e13-d67a-4aa0-9c0b-1f126af951af,https://musicbrainz.org/artist/d8915e13-d67a-4aa0-9c0b-1f126af951af,,,2000,349675,medium
bands_siouxsie_and_the_banshees,bands,Siouxsie and the Banshees,ListenBrainz all-time artists / MusicBrainz,577,78ea5ea1-3c4d-4b7e-ac5d-68900319ebe2,https://musicbrainz.org/artist/78ea5ea1-3c4d-4b7e-ac5d-68900319ebe2,,,1976,347400,long
bands_migos,bands,Migos,ListenBrainz all-time artists / MusicBrainz,578,0221734a-35a8-40f7-b5c5-2f61a200bc7c,https://musicbrainz.org/artist/0221734a-35a8-40f7-b5c5-2f61a200bc7c,,,2008,347311,short
